2025-10-18 22:31:06,445 - INFO - [Thread-1 (process_request_thread)] - 🔍 Job ID: 03579f5a-f4ec-4bad-9776-968bdb2086f1
2025-10-18 22:31:06,445 - INFO - [Thread-1 (process_request_thread)] - 📋 Request params: method=parallel, workers=10, batch_size=50
2025-10-18 22:31:06,445 - INFO - [Thread-1 (process_request_thread)] - Using PARALLEL validation method
2025-10-18 22:31:06,445 - INFO - [Thread-1 (process_request_thread)] - ================================================================================
2025-10-18 22:31:06,445 - INFO - [Thread-1 (process_request_thread)] - 🚀 STARTING PARALLEL VALIDATION
2025-10-18 22:31:06,445 - INFO - [Thread-1 (process_request_thread)] - 📊 Total companies: 2194
2025-10-18 22:31:06,445 - INFO - [Thread-1 (process_request_thread)] - 👷 Workers: 10
2025-10-18 22:31:06,445 - INFO - [Thread-1 (process_request_thread)] - ⏰ Start time: 2025-10-18 22:31:06
2025-10-18 22:31:06,446 - INFO - [Thread-1 (process_request_thread)] - ================================================================================
2025-10-18 22:31:06,671 - WARNING - [ThreadPoolExecutor-2_5] - Retrying (Retry(total=2, connect=None, read=None, redirect=None, status=None)) after connection broken by 'NewConnectionError('<urllib3.connection.HTTPSConnection object at 0x7febbbfc4dd0>: Failed to establish a new connection: [Errno 101] Network is unreachable')': /company/BAJAJ-AUTO/
2025-10-18 22:31:06,673 - WARNING - [ThreadPoolExecutor-2_3] - Retrying (Retry(total=2, connect=None, read=None, redirect=None, status=None)) after connection broken by 'NewConnectionError('<urllib3.connection.HTTPSConnection object at 0x7febbbfc5310>: Failed to establish a new connection: [Errno 101] Network is unreachable')': /company/ASHOKLEY/
2025-10-18 22:31:06,675 - WARNING - [ThreadPoolExecutor-2_2] - Retrying (Retry(total=2, connect=None, read=None, redirect=None, status=None)) after connection broken by 'NewConnectionError('<urllib3.connection.HTTPSConnection object at 0x7febbbf6d4c0>: Failed to establish a new connection: [Errno 101] Network is unreachable')': /company/AXISGOLD/
2025-10-18 22:31:06,675 - WARNING - [ThreadPoolExecutor-2_4] - Retrying (Retry(total=2, connect=None, read=None, redirect=None, status=None)) after connection broken by 'NewConnectionError('<urllib3.connection.HTTPSConnection object at 0x7febbbf6f470>: Failed to establish a new connection: [Errno 101] Network is unreachable')': /company/KANSAINER/
2025-10-18 22:31:06,675 - WARNING - [ThreadPoolExecutor-2_1] - Retrying (Retry(total=2, connect=None, read=None, redirect=None, status=None)) after connection broken by 'NewConnectionError('<urllib3.connection.HTTPSConnection object at 0x7febbbf6cfe0>: Failed to establish a new connection: [Errno 101] Network is unreachable')': /company/MANAKSIA/
2025-10-18 22:31:06,676 - WARNING - [ThreadPoolExecutor-2_0] - Retrying (Retry(total=2, connect=None, read=None, redirect=None, status=None)) after connection broken by 'NewConnectionError('<urllib3.connection.HTTPSConnection object at 0x7febbbf6dd30>: Failed to establish a new connection: [Errno 101] Network is unreachable')': /company/KANPRPLA/
2025-10-18 22:31:07,649 - WARNING - [ThreadPoolExecutor-2_7] - Retrying (Retry(total=2, connect=None, read=None, redirect=None, status=None)) after connection broken by 'NewConnectionError('<urllib3.connection.HTTPSConnection object at 0x7febbbfc5910>: Failed to establish a new connection: [Errno 101] Network is unreachable')': /company/BAJFINANCE/
2025-10-18 22:31:08,673 - WARNING - [ThreadPoolExecutor-2_6] - Retrying (Retry(total=2, connect=None, read=None, redirect=None, status=None)) after connection broken by 'NewConnectionError('<urllib3.connection.HTTPSConnection object at 0x7febbbfc5130>: Failed to establish a new connection: [Errno 101] Network is unreachable')': /company/BAJAJHLDNG/
2025-10-18 22:31:09,697 - WARNING - [ThreadPoolExecutor-2_9] - Retrying (Retry(total=2, connect=None, read=None, redirect=None, status=None)) after connection broken by 'NewConnectionError('<urllib3.connection.HTTPSConnection object at 0x7febbbfc6240>: Failed to establish a new connection: [Errno 101] Network is unreachable')': /company/KAVDEFENCE/
2025-10-18 22:32:03,116 - INFO - [Thread-1 (process_request_thread)] - 🔍 Job ID: 897ff778-b9a5-4c03-bd59-bfa04cdc1751
2025-10-18 22:32:03,117 - INFO - [Thread-1 (process_request_thread)] - 📋 Request params: method=parallel, workers=10, batch_size=50
2025-10-18 22:32:03,117 - INFO - [Thread-1 (process_request_thread)] - Using PARALLEL validation method
2025-10-18 22:32:03,117 - INFO - [Thread-1 (process_request_thread)] - ================================================================================
2025-10-18 22:32:03,117 - INFO - [Thread-1 (process_request_thread)] - 🚀 STARTING PARALLEL VALIDATION
2025-10-18 22:32:03,117 - INFO - [Thread-1 (process_request_thread)] - 📊 Total companies: 2194
2025-10-18 22:32:03,117 - INFO - [Thread-1 (process_request_thread)] - 👷 Workers: 10
2025-10-18 22:32:03,117 - INFO - [Thread-1 (process_request_thread)] - ⏰ Start time: 2025-10-18 22:32:03
2025-10-18 22:32:03,117 - INFO - [Thread-1 (process_request_thread)] - ================================================================================
2025-10-18 22:32:03,310 - WARNING - [ThreadPoolExecutor-2_1] - Retrying (Retry(total=2, connect=None, read=None, redirect=None, status=None)) after connection broken by 'NewConnectionError('<urllib3.connection.HTTPSConnection object at 0x72c7669f0ef0>: Failed to establish a new connection: [Errno 101] Network is unreachable')': /company/MANAKSIA/
2025-10-18 22:32:03,310 - WARNING - [ThreadPoolExecutor-2_0] - Retrying (Retry(total=2, connect=None, read=None, redirect=None, status=None)) after connection broken by 'NewConnectionError('<urllib3.connection.HTTPSConnection object at 0x72c74a549100>: Failed to establish a new connection: [Errno 101] Network is unreachable')': /company/KANPRPLA/
2025-10-18 22:32:03,310 - WARNING - [ThreadPoolExecutor-2_3] - Retrying (Retry(total=2, connect=None, read=None, redirect=None, status=None)) after connection broken by 'NewConnectionError('<urllib3.connection.HTTPSConnection object at 0x72c74a54b6b0>: Failed to establish a new connection: [Errno 101] Network is unreachable')': /company/ASHOKLEY/
2025-10-18 22:32:03,310 - WARNING - [ThreadPoolExecutor-2_2] - Retrying (Retry(total=2, connect=None, read=None, redirect=None, status=None)) after connection broken by 'NewConnectionError('<urllib3.connection.HTTPSConnection object at 0x72c74a549ac0>: Failed to establish a new connection: [Errno 101] Network is unreachable')': /company/AXISGOLD/
2025-10-18 22:32:03,312 - WARNING - [ThreadPoolExecutor-2_4] - Retrying (Retry(total=2, connect=None, read=None, redirect=None, status=None)) after connection broken by 'NewConnectionError('<urllib3.connection.HTTPSConnection object at 0x72c74a549c40>: Failed to establish a new connection: [Errno 101] Network is unreachable')': /company/KANSAINER/
2025-10-18 22:32:03,312 - WARNING - [ThreadPoolExecutor-2_5] - Retrying (Retry(total=2, connect=None, read=None, redirect=None, status=None)) after connection broken by 'NewConnectionError('<urllib3.connection.HTTPSConnection object at 0x72c74a3a5070>: Failed to establish a new connection: [Errno 101] Network is unreachable')': /company/BAJAJ-AUTO/
2025-10-18 22:32:04,353 - WARNING - [ThreadPoolExecutor-2_9] - Retrying (Retry(total=2, connect=None, read=None, redirect=None, status=None)) after connection broken by 'NewConnectionError('<urllib3.connection.HTTPSConnection object at 0x72c7482a9b80>: Failed to establish a new connection: [Errno 101] Network is unreachable')': /company/KAVDEFENCE/
2025-10-18 22:32:05,377 - WARNING - [ThreadPoolExecutor-2_7] - Retrying (Retry(total=2, connect=None, read=None, redirect=None, status=None)) after connection broken by 'NewConnectionError('<urllib3.connection.HTTPSConnection object at 0x72c74a3a5ee0>: Failed to establish a new connection: [Errno 101] Network is unreachable')': /company/BAJFINANCE/
2025-10-18 22:32:06,401 - WARNING - [ThreadPoolExecutor-2_6] - Retrying (Retry(total=2, connect=None, read=None, redirect=None, status=None)) after connection broken by 'NewConnectionError('<urllib3.connection.HTTPSConnection object at 0x72c74a3a53a0>: Failed to establish a new connection: [Errno 101] Network is unreachable')': /company/BAJAJHLDNG/
2025-10-18 22:32:07,425 - WARNING - [ThreadPoolExecutor-2_8] - Retrying (Retry(total=2, connect=None, read=None, redirect=None, status=None)) after connection broken by 'NewConnectionError('<urllib3.connection.HTTPSConnection object at 0x72c7482a9940>: Failed to establish a new connection: [Errno 101] Network is unreachable')': /company/BALKRISIND/
2025-10-18 22:32:10,641 - WARNING - [ThreadPoolExecutor-2_5] - Retrying (Retry(total=1, connect=None, read=None, redirect=None, status=None)) after connection broken by 'NewConnectionError('<urllib3.connection.HTTPSConnection object at 0x72c74a399130>: Failed to establish a new connection: [Errno 101] Network is unreachable')': /company/BAJAJ-AUTO/
2025-10-18 22:32:11,665 - WARNING - [ThreadPoolExecutor-2_8] - Retrying (Retry(total=1, connect=None, read=None, redirect=None, status=None)) after connection broken by 'NewConnectionError('<urllib3.connection.HTTPSConnection object at 0x72c74a548200>: Failed to establish a new connection: [Errno 101] Network is unreachable')': /company/BALKRISIND/
2025-10-18 22:32:12,689 - WARNING - [ThreadPoolExecutor-2_7] - Retrying (Retry(total=1, connect=None, read=None, redirect=None, status=None)) after connection broken by 'NewConnectionError('<urllib3.connection.HTTPSConnection object at 0x72c74a548140>: Failed to establish a new connection: [Errno 101] Network is unreachable')': /company/BAJFINANCE/
2025-10-18 22:32:13,713 - WARNING - [ThreadPoolExecutor-2_6] - Retrying (Retry(total=1, connect=None, read=None, redirect=None, status=None)) after connection broken by 'NewConnectionError('<urllib3.connection.HTTPSConnection object at 0x72c74a548560>: Failed to establish a new connection: [Errno 101] Network is unreachable')': /company/BAJAJHLDNG/
2025-10-18 22:32:15,320 - WARNING - [ThreadPoolExecutor-2_0] - Retrying (Retry(total=1, connect=None, read=None, redirect=None, status=None)) after connection broken by 'NewConnectionError('<urllib3.connection.HTTPSConnection object at 0x72c74a39a090>: Failed to establish a new connection: [Errno 101] Network is unreachable')': /company/KANPRPLA/
2025-10-18 22:32:15,320 - WARNING - [ThreadPoolExecutor-2_4] - Retrying (Retry(total=1, connect=None, read=None, redirect=None, status=None)) after connection broken by 'NewConnectionError('<urllib3.connection.HTTPSConnection object at 0x72c74a399280>: Failed to establish a new connection: [Errno 101] Network is unreachable')': /company/KANSAINER/
2025-10-18 22:32:15,322 - WARNING - [ThreadPoolExecutor-2_1] - Retrying (Retry(total=1, connect=None, read=None, redirect=None, status=None)) after connection broken by 'NewConnectionError('<urllib3.connection.HTTPSConnection object at 0x72c74a39a1e0>: Failed to establish a new connection: [Errno 101] Network is unreachable')': /company/MANAKSIA/
2025-10-18 22:32:15,325 - WARNING - [ThreadPoolExecutor-2_3] - Retrying (Retry(total=1, connect=None, read=None, redirect=None, status=None)) after connection broken by 'NewConnectionError('<urllib3.connection.HTTPSConnection object at 0x72c74a399e50>: Failed to establish a new connection: [Errno 101] Network is unreachable')': /company/ASHOKLEY/
2025-10-18 22:32:15,326 - WARNING - [ThreadPoolExecutor-2_2] - Retrying (Retry(total=1, connect=None, read=None, redirect=None, status=None)) after connection broken by 'NewConnectionError('<urllib3.connection.HTTPSConnection object at 0x72c74a399c70>: Failed to establish a new connection: [Errno 101] Network is unreachable')': /company/AXISGOLD/
2025-10-18 22:32:26,648 - INFO - [Thread-1 (process_request_thread)] - 🔍 Job ID: c2945452-a42a-4413-89bd-d35614b727a3
2025-10-18 22:32:26,649 - INFO - [Thread-1 (process_request_thread)] - 📋 Request params: method=parallel, workers=10, batch_size=50
2025-10-18 22:32:26,649 - INFO - [Thread-1 (process_request_thread)] - Using PARALLEL validation method
2025-10-18 22:32:26,649 - INFO - [Thread-1 (process_request_thread)] - ================================================================================
2025-10-18 22:32:26,649 - INFO - [Thread-1 (process_request_thread)] - 🚀 STARTING PARALLEL VALIDATION
2025-10-18 22:32:26,649 - INFO - [Thread-1 (process_request_thread)] - 📊 Total companies: 2194
2025-10-18 22:32:26,649 - INFO - [Thread-1 (process_request_thread)] - 👷 Workers: 10
2025-10-18 22:32:26,650 - INFO - [Thread-1 (process_request_thread)] - ⏰ Start time: 2025-10-18 22:32:26
2025-10-18 22:32:26,650 - INFO - [Thread-1 (process_request_thread)] - ================================================================================
2025-10-18 22:32:26,855 - WARNING - [ThreadPoolExecutor-2_1] - Retrying (Retry(total=2, connect=None, read=None, redirect=None, status=None)) after connection broken by 'NewConnectionError('<urllib3.connection.HTTPSConnection object at 0x789653cc5e50>: Failed to establish a new connection: [Errno 101] Network is unreachable')': /company/MANAKSIA/
2025-10-18 22:32:26,856 - WARNING - [ThreadPoolExecutor-2_2] - Retrying (Retry(total=2, connect=None, read=None, redirect=None, status=None)) after connection broken by 'NewConnectionError('<urllib3.connection.HTTPSConnection object at 0x789653cfdd60>: Failed to establish a new connection: [Errno 101] Network is unreachable')': /company/AXISGOLD/
2025-10-18 22:32:26,857 - WARNING - [ThreadPoolExecutor-2_3] - Retrying (Retry(total=2, connect=None, read=None, redirect=None, status=None)) after connection broken by 'NewConnectionError('<urllib3.connection.HTTPSConnection object at 0x789653cc77a0>: Failed to establish a new connection: [Errno 101] Network is unreachable')': /company/ASHOKLEY/
2025-10-18 22:32:26,858 - WARNING - [ThreadPoolExecutor-2_5] - Retrying (Retry(total=2, connect=None, read=None, redirect=None, status=None)) after connection broken by 'NewConnectionError('<urllib3.connection.HTTPSConnection object at 0x78965332df10>: Failed to establish a new connection: [Errno 101] Network is unreachable')': /company/BAJAJ-AUTO/
2025-10-18 22:32:26,863 - WARNING - [ThreadPoolExecutor-2_4] - Retrying (Retry(total=2, connect=None, read=None, redirect=None, status=None)) after connection broken by 'NewConnectionError('<urllib3.connection.HTTPSConnection object at 0x789653cc6f60>: Failed to establish a new connection: [Errno 101] Network is unreachable')': /company/KANSAINER/
2025-10-18 22:32:26,866 - WARNING - [ThreadPoolExecutor-2_0] - Retrying (Retry(total=2, connect=None, read=None, redirect=None, status=None)) after connection broken by 'NewConnectionError('<urllib3.connection.HTTPSConnection object at 0x789653cfdfa0>: Failed to establish a new connection: [Errno 101] Network is unreachable')': /company/KANPRPLA/
2025-10-18 22:32:27,905 - WARNING - [ThreadPoolExecutor-2_6] - Retrying (Retry(total=2, connect=None, read=None, redirect=None, status=None)) after connection broken by 'NewConnectionError('<urllib3.connection.HTTPSConnection object at 0x78965332e1e0>: Failed to establish a new connection: [Errno 101] Network is unreachable')': /company/BAJAJHLDNG/
2025-10-18 22:32:28,929 - WARNING - [ThreadPoolExecutor-2_7] - Retrying (Retry(total=2, connect=None, read=None, redirect=None, status=None)) after connection broken by 'NewConnectionError('<urllib3.connection.HTTPSConnection object at 0x78965332eab0>: Failed to establish a new connection: [Errno 101] Network is unreachable')': /company/BAJFINANCE/
2025-10-18 22:32:29,953 - WARNING - [ThreadPoolExecutor-2_8] - Retrying (Retry(total=2, connect=None, read=None, redirect=None, status=None)) after connection broken by 'NewConnectionError('<urllib3.connection.HTTPSConnection object at 0x78965332f1d0>: Failed to establish a new connection: [Errno 101] Network is unreachable')': /company/BALKRISIND/
2025-10-18 22:32:33,169 - WARNING - [ThreadPoolExecutor-2_2] - Retrying (Retry(total=1, connect=None, read=None, redirect=None, status=None)) after connection broken by 'NewConnectionError('<urllib3.connection.HTTPSConnection object at 0x789653323140>: Failed to establish a new connection: [Errno 101] Network is unreachable')': /company/AXISGOLD/
2025-10-18 22:32:34,193 - WARNING - [ThreadPoolExecutor-2_4] - Retrying (Retry(total=1, connect=None, read=None, redirect=None, status=None)) after connection broken by 'NewConnectionError('<urllib3.connection.HTTPSConnection object at 0x789653322090>: Failed to establish a new connection: [Errno 101] Network is unreachable')': /company/KANSAINER/
2025-10-18 22:32:35,217 - WARNING - [ThreadPoolExecutor-2_7] - Retrying (Retry(total=1, connect=None, read=None, redirect=None, status=None)) after connection broken by 'NewConnectionError('<urllib3.connection.HTTPSConnection object at 0x789653cc4800>: Failed to establish a new connection: [Errno 101] Network is unreachable')': /company/BAJFINANCE/
2025-10-18 22:32:36,241 - WARNING - [ThreadPoolExecutor-2_8] - Retrying (Retry(total=1, connect=None, read=None, redirect=None, status=None)) after connection broken by 'NewConnectionError('<urllib3.connection.HTTPSConnection object at 0x789653cc44d0>: Failed to establish a new connection: [Errno 101] Network is unreachable')': /company/BALKRISIND/
2025-10-18 22:32:36,867 - WARNING - [ThreadPoolExecutor-2_9] - Retrying (Retry(total=2, connect=None, read=None, redirect=None, status=None)) after connection broken by 'NewConnectionError('<urllib3.connection.HTTPSConnection object at 0x789650112db0>: Failed to establish a new connection: [Errno 101] Network is unreachable')': /company/KAVDEFENCE/
2025-10-18 22:32:37,265 - WARNING - [ThreadPoolExecutor-2_6] - Retrying (Retry(total=1, connect=None, read=None, redirect=None, status=None)) after connection broken by 'NewConnectionError('<urllib3.connection.HTTPSConnection object at 0x789653cc55b0>: Failed to establish a new connection: [Errno 101] Network is unreachable')': /company/BAJAJHLDNG/
2025-10-18 22:32:38,857 - WARNING - [ThreadPoolExecutor-2_1] - Retrying (Retry(total=1, connect=None, read=None, redirect=None, status=None)) after connection broken by 'NewConnectionError('<urllib3.connection.HTTPSConnection object at 0x789653323380>: Failed to establish a new connection: [Errno 101] Network is unreachable')': /company/MANAKSIA/
2025-10-18 22:32:38,875 - WARNING - [ThreadPoolExecutor-2_5] - Retrying (Retry(total=1, connect=None, read=None, redirect=None, status=None)) after connection broken by 'NewConnectionError('<urllib3.connection.HTTPSConnection object at 0x789653322180>: Failed to establish a new connection: [Errno 101] Network is unreachable')': /company/BAJAJ-AUTO/
2025-10-18 22:32:38,875 - WARNING - [ThreadPoolExecutor-2_0] - Retrying (Retry(total=1, connect=None, read=None, redirect=None, status=None)) after connection broken by 'NewConnectionError('<urllib3.connection.HTTPSConnection object at 0x789653321d00>: Failed to establish a new connection: [Errno 101] Network is unreachable')': /company/KANPRPLA/
2025-10-18 22:32:38,877 - WARNING - [ThreadPoolExecutor-2_3] - Retrying (Retry(total=1, connect=None, read=None, redirect=None, status=None)) after connection broken by 'NewConnectionError('<urllib3.connection.HTTPSConnection object at 0x789653322de0>: Failed to establish a new connection: [Errno 101] Network is unreachable')': /company/ASHOKLEY/
2025-10-18 22:32:39,053 - WARNING - [ThreadPoolExecutor-2_9] - Retrying (Retry(total=1, connect=None, read=None, redirect=None, status=None)) after connection broken by 'NewConnectionError('<urllib3.connection.HTTPSConnection object at 0x789653cc52b0>: Failed to establish a new connection: [Errno 101] Network is unreachable')': /company/KAVDEFENCE/
2025-10-18 22:32:40,417 - WARNING - [ThreadPoolExecutor-2_2] - Retrying (Retry(total=0, connect=None, read=None, redirect=None, status=None)) after connection broken by 'NewConnectionError('<urllib3.connection.HTTPSConnection object at 0x789653cc5730>: Failed to establish a new connection: [Errno 101] Network is unreachable')': /company/AXISGOLD/
2025-10-18 22:32:42,465 - WARNING - [ThreadPoolExecutor-2_7] - Retrying (Retry(total=0, connect=None, read=None, redirect=None, status=None)) after connection broken by 'NewConnectionError('<urllib3.connection.HTTPSConnection object at 0x789653cc4ec0>: Failed to establish a new connection: [Errno 101] Network is unreachable')': /company/BAJFINANCE/
2025-10-18 22:32:43,044 - WARNING - [ThreadPoolExecutor-2_1] - Retrying (Retry(total=0, connect=None, read=None, redirect=None, status=None)) after connection broken by 'NewConnectionError('<urllib3.connection.HTTPSConnection object at 0x789653cc55e0>: Failed to establish a new connection: [Errno 101] Network is unreachable')': /company/MANAKSIA/
2025-10-18 22:32:43,230 - ERROR - [ThreadPoolExecutor-2_1] - ✗ ERROR checking MANAKSIA: HTTPSConnectionPool(host='www.screener.in', port=443): Max retries exceeded with url: /company/MANAKSIA/ (Caused by NewConnectionError('<urllib3.connection.HTTPSConnection object at 0x789653eac9b0>: Failed to establish a new connection: [Errno 101] Network is unreachable'))
2025-10-18 22:32:44,065 - WARNING - [ThreadPoolExecutor-2_0] - Retrying (Retry(total=0, connect=None, read=None, redirect=None, status=None)) after connection broken by 'NewConnectionError('<urllib3.connection.HTTPSConnection object at 0x789653eac680>: Failed to establish a new connection: [Errno 101] Network is unreachable')': /company/KANPRPLA/
2025-10-18 22:32:44,251 - ERROR - [ThreadPoolExecutor-2_0] - ✗ ERROR checking KANPRPLA: HTTPSConnectionPool(host='www.screener.in', port=443): Max retries exceeded with url: /company/KANPRPLA/ (Caused by NewConnectionError('<urllib3.connection.HTTPSConnection object at 0x789653ead6d0>: Failed to establish a new connection: [Errno 101] Network is unreachable'))
2025-10-18 22:32:45,089 - WARNING - [ThreadPoolExecutor-2_5] - Retrying (Retry(total=0, connect=None, read=None, redirect=None, status=None)) after connection broken by 'NewConnectionError('<urllib3.connection.HTTPSConnection object at 0x789653cc4470>: Failed to establish a new connection: [Errno 101] Network is unreachable')': /company/BAJAJ-AUTO/
2025-10-18 22:32:45,275 - ERROR - [ThreadPoolExecutor-2_5] - ✗ ERROR checking BAJAJ-AUTO: HTTPSConnectionPool(host='www.screener.in', port=443): Max retries exceeded with url: /company/BAJAJ-AUTO/ (Caused by NewConnectionError('<urllib3.connection.HTTPSConnection object at 0x789653ead310>: Failed to establish a new connection: [Errno 101] Network is unreachable'))
2025-10-18 22:32:46,113 - WARNING - [ThreadPoolExecutor-2_3] - Retrying (Retry(total=0, connect=None, read=None, redirect=None, status=None)) after connection broken by 'NewConnectionError('<urllib3.connection.HTTPSConnection object at 0x789653eae8d0>: Failed to establish a new connection: [Errno 101] Network is unreachable')': /company/ASHOKLEY/
2025-10-18 22:32:46,300 - ERROR - [ThreadPoolExecutor-2_3] - ✗ ERROR checking ASHOKLEY: HTTPSConnectionPool(host='www.screener.in', port=443): Max retries exceeded with url: /company/ASHOKLEY/ (Caused by NewConnectionError('<urllib3.connection.HTTPSConnection object at 0x789653eac470>: Failed to establish a new connection: [Errno 101] Network is unreachable'))
2025-10-18 22:32:47,489 - WARNING - [ThreadPoolExecutor-2_5] - Retrying (Retry(total=2, connect=None, read=None, redirect=None, status=None)) after connection broken by 'NewConnectionError('<urllib3.connection.HTTPSConnection object at 0x789653eaec90>: Failed to establish a new connection: [Errno 101] Network is unreachable')': /company/COROMANDEL/
2025-10-18 22:32:48,204 - WARNING - [ThreadPoolExecutor-2_4] - Retrying (Retry(total=0, connect=None, read=None, redirect=None, status=None)) after connection broken by 'NewConnectionError('<urllib3.connection.HTTPSConnection object at 0x789653cc4230>: Failed to establish a new connection: [Errno 101] Network is unreachable')': /company/KANSAINER/
2025-10-18 22:32:48,390 - ERROR - [ThreadPoolExecutor-2_4] - ✗ ERROR checking KANSAINER: HTTPSConnectionPool(host='www.screener.in', port=443): Max retries exceeded with url: /company/KANSAINER/ (Caused by NewConnectionError('<urllib3.connection.HTTPSConnection object at 0x789653eae390>: Failed to establish a new connection: [Errno 101] Network is unreachable'))
2025-10-18 22:32:49,537 - WARNING - [ThreadPoolExecutor-2_3] - Retrying (Retry(total=2, connect=None, read=None, redirect=None, status=None)) after connection broken by 'NewConnectionError('<urllib3.connection.HTTPSConnection object at 0x789653ead100>: Failed to establish a new connection: [Errno 101] Network is unreachable')': /company/KCP/
2025-10-18 22:32:49,857 - ERROR - [ThreadPoolExecutor-2_7] - ✗ ERROR checking BAJFINANCE: HTTPSConnectionPool(host='www.screener.in', port=443): Max retries exceeded with url: /company/BAJFINANCE/ (Caused by NewConnectionError('<urllib3.connection.HTTPSConnection object at 0x789653ead8b0>: Failed to establish a new connection: [Errno 101] Network is unreachable'))
2025-10-18 22:32:50,252 - WARNING - [ThreadPoolExecutor-2_8] - Retrying (Retry(total=0, connect=None, read=None, redirect=None, status=None)) after connection broken by 'NewConnectionError('<urllib3.connection.HTTPSConnection object at 0x789653cc5010>: Failed to establish a new connection: [Errno 101] Network is unreachable')': /company/BALKRISIND/
2025-10-18 22:32:50,421 - ERROR - [ThreadPoolExecutor-2_2] - ✗ ERROR checking AXISGOLD: HTTPSConnectionPool(host='www.screener.in', port=443): Max retries exceeded with url: /company/AXISGOLD/ (Caused by NewConnectionError('<urllib3.connection.HTTPSConnection object at 0x789653eae9c0>: Failed to establish a new connection: [Errno 101] Network is unreachable'))
2025-10-18 22:32:51,073 - WARNING - [ThreadPoolExecutor-2_7] - Retrying (Retry(total=2, connect=None, read=None, redirect=None, status=None)) after connection broken by 'NewConnectionError('<urllib3.connection.HTTPSConnection object at 0x789653eae570>: Failed to establish a new connection: [Errno 101] Network is unreachable')': /company/KCPSUGIND/
2025-10-18 22:32:51,271 - WARNING - [ThreadPoolExecutor-2_6] - Retrying (Retry(total=0, connect=None, read=None, redirect=None, status=None)) after connection broken by 'NewConnectionError('<urllib3.connection.HTTPSConnection object at 0x789653cc50a0>: Failed to establish a new connection: [Errno 101] Network is unreachable')': /company/BAJAJHLDNG/
2025-10-18 22:32:53,064 - WARNING - [ThreadPoolExecutor-2_9] - Retrying (Retry(total=0, connect=None, read=None, redirect=None, status=None)) after connection broken by 'NewConnectionError('<urllib3.connection.HTTPSConnection object at 0x789653eafe60>: Failed to establish a new connection: [Errno 101] Network is unreachable')': /company/KAVDEFENCE/
2025-10-18 22:32:53,233 - WARNING - [ThreadPoolExecutor-2_1] - Retrying (Retry(total=2, connect=None, read=None, redirect=None, status=None)) after connection broken by 'NewConnectionError('<urllib3.connection.HTTPSConnection object at 0x789653eaf020>: Failed to establish a new connection: [Errno 101] Network is unreachable')': /company/CHETTINAD/
2025-10-18 22:32:53,250 - ERROR - [ThreadPoolExecutor-2_9] - ✗ ERROR checking KAVDEFENCE: HTTPSConnectionPool(host='www.screener.in', port=443): Max retries exceeded with url: /company/KAVDEFENCE/ (Caused by NewConnectionError('<urllib3.connection.HTTPSConnection object at 0x789653eae810>: Failed to establish a new connection: [Errno 101] Network is unreachable'))
2025-10-18 22:32:54,255 - WARNING - [ThreadPoolExecutor-2_0] - Retrying (Retry(total=2, connect=None, read=None, redirect=None, status=None)) after connection broken by 'NewConnectionError('<urllib3.connection.HTTPSConnection object at 0x789653eac530>: Failed to establish a new connection: [Errno 101] Network is unreachable')': /company/CANBK/
2025-10-18 22:32:54,290 - WARNING - [ThreadPoolExecutor-2_7] - Retrying (Retry(total=1, connect=None, read=None, redirect=None, status=None)) after connection broken by 'NewConnectionError('<urllib3.connection.HTTPSConnection object at 0x789653eafa70>: Failed to establish a new connection: [Errno 101] Network is unreachable')': /company/KCPSUGIND/
2025-10-18 22:32:56,442 - WARNING - [ThreadPoolExecutor-2_0] - Retrying (Retry(total=1, connect=None, read=None, redirect=None, status=None)) after connection broken by 'NewConnectionError('<urllib3.connection.HTTPSConnection object at 0x789653eacce0>: Failed to establish a new connection: [Errno 101] Network is unreachable')': /company/CANBK/
2025-10-18 22:32:56,513 - WARNING - [ThreadPoolExecutor-2_9] - Retrying (Retry(total=2, connect=None, read=None, redirect=None, status=None)) after connection broken by 'NewConnectionError('<urllib3.connection.HTTPSConnection object at 0x789653ead400>: Failed to establish a new connection: [Errno 101] Network is unreachable')': /company/UJJIVANSFB/
2025-10-18 22:32:56,849 - WARNING - [ThreadPoolExecutor-2_5] - Retrying (Retry(total=1, connect=None, read=None, redirect=None, status=None)) after connection broken by 'NewConnectionError('<urllib3.connection.HTTPSConnection object at 0x789653eae090>: Failed to establish a new connection: [Errno 101] Network is unreachable')': /company/COROMANDEL/
2025-10-18 22:32:58,402 - WARNING - [ThreadPoolExecutor-2_4] - Retrying (Retry(total=2, connect=None, read=None, redirect=None, status=None)) after connection broken by 'NewConnectionError('<urllib3.connection.HTTPSConnection object at 0x789653eacf20>: Failed to establish a new connection: [Errno 101] Network is unreachable')': /company/DELTACORP/
2025-10-18 22:32:58,897 - WARNING - [ThreadPoolExecutor-2_3] - Retrying (Retry(total=1, connect=None, read=None, redirect=None, status=None)) after connection broken by 'NewConnectionError('<urllib3.connection.HTTPSConnection object at 0x789653eaef60>: Failed to establish a new connection: [Errno 101] Network is unreachable')': /company/KCP/
2025-10-18 22:33:00,264 - ERROR - [ThreadPoolExecutor-2_8] - ✗ ERROR checking BALKRISIND: HTTPSConnectionPool(host='www.screener.in', port=443): Max retries exceeded with url: /company/BALKRISIND/ (Caused by NewConnectionError('<urllib3.connection.HTTPSConnection object at 0x789653eacd10>: Failed to establish a new connection: [Errno 101] Network is unreachable'))
2025-10-18 22:33:00,433 - WARNING - [ThreadPoolExecutor-2_2] - Retrying (Retry(total=2, connect=None, read=None, redirect=None, status=None)) after connection broken by 'NewConnectionError('<urllib3.connection.HTTPSConnection object at 0x789653eafcb0>: Failed to establish a new connection: [Errno 101] Network is unreachable')': /company/UGROCAP/
2025-10-18 22:33:00,450 - WARNING - [ThreadPoolExecutor-2_8] - Retrying (Retry(total=2, connect=None, read=None, redirect=None, status=None)) after connection broken by 'NewConnectionError('<urllib3.connection.HTTPSConnection object at 0x789653ee9640>: Failed to establish a new connection: [Errno 101] Network is unreachable')': /company/MAHSCOOTER/
2025-10-18 22:33:01,283 - ERROR - [ThreadPoolExecutor-2_6] - ✗ ERROR checking BAJAJHLDNG: HTTPSConnectionPool(host='www.screener.in', port=443): Max retries exceeded with url: /company/BAJAJHLDNG/ (Caused by NewConnectionError('<urllib3.connection.HTTPSConnection object at 0x789653eac4a0>: Failed to establish a new connection: [Errno 101] Network is unreachable'))
2025-10-18 22:33:01,469 - WARNING - [ThreadPoolExecutor-2_6] - Retrying (Retry(total=2, connect=None, read=None, redirect=None, status=None)) after connection broken by 'NewConnectionError('<urllib3.connection.HTTPSConnection object at 0x789653eebf20>: Failed to establish a new connection: [Errno 101] Network is unreachable')': /company/EASEMYTRIP/
2025-10-18 22:33:02,049 - WARNING - [ThreadPoolExecutor-2_5] - Retrying (Retry(total=0, connect=None, read=None, redirect=None, status=None)) after connection broken by 'NewConnectionError('<urllib3.connection.HTTPSConnection object at 0x789653eadaf0>: Failed to establish a new connection: [Errno 101] Network is unreachable')': /company/COROMANDEL/
2025-10-18 22:33:02,235 - ERROR - [ThreadPoolExecutor-2_5] - ✗ ERROR checking COROMANDEL: HTTPSConnectionPool(host='www.screener.in', port=443): Max retries exceeded with url: /company/COROMANDEL/ (Caused by NewConnectionError('<urllib3.connection.HTTPSConnection object at 0x789653eebe00>: Failed to establish a new connection: [Errno 101] Network is unreachable'))
2025-10-18 22:33:03,084 - WARNING - [ThreadPoolExecutor-2_3] - Retrying (Retry(total=0, connect=None, read=None, redirect=None, status=None)) after connection broken by 'NewConnectionError('<urllib3.connection.HTTPSConnection object at 0x789653eebcb0>: Failed to establish a new connection: [Errno 101] Network is unreachable')': /company/KCP/
2025-10-18 22:33:03,270 - ERROR - [ThreadPoolExecutor-2_3] - ✗ ERROR checking KCP: HTTPSConnectionPool(host='www.screener.in', port=443): Max retries exceeded with url: /company/KCP/ (Caused by NewConnectionError('<urllib3.connection.HTTPSConnection object at 0x789653ee8fb0>: Failed to establish a new connection: [Errno 101] Network is unreachable'))
2025-10-18 22:33:05,241 - WARNING - [ThreadPoolExecutor-2_1] - Retrying (Retry(total=1, connect=None, read=None, redirect=None, status=None)) after connection broken by 'NewConnectionError('<urllib3.connection.HTTPSConnection object at 0x789653eafb60>: Failed to establish a new connection: [Errno 101] Network is unreachable')': /company/CHETTINAD/
2025-10-18 22:33:05,873 - WARNING - [ThreadPoolExecutor-2_9] - Retrying (Retry(total=1, connect=None, read=None, redirect=None, status=None)) after connection broken by 'NewConnectionError('<urllib3.connection.HTTPSConnection object at 0x789653eae1e0>: Failed to establish a new connection: [Errno 101] Network is unreachable')': /company/UJJIVANSFB/
2025-10-18 22:33:07,521 - WARNING - [ThreadPoolExecutor-2_5] - Retrying (Retry(total=2, connect=None, read=None, redirect=None, status=None)) after connection broken by 'NewConnectionError('<urllib3.connection.HTTPSConnection object at 0x789653eeaed0>: Failed to establish a new connection: [Errno 101] Network is unreachable')': /company/EICHERMOT/
2025-10-18 22:33:08,302 - WARNING - [ThreadPoolExecutor-2_7] - Retrying (Retry(total=0, connect=None, read=None, redirect=None, status=None)) after connection broken by 'NewConnectionError('<urllib3.connection.HTTPSConnection object at 0x789653eaf440>: Failed to establish a new connection: [Errno 101] Network is unreachable')': /company/KCPSUGIND/
2025-10-18 22:33:09,427 - WARNING - [ThreadPoolExecutor-2_1] - Retrying (Retry(total=0, connect=None, read=None, redirect=None, status=None)) after connection broken by 'NewConnectionError('<urllib3.connection.HTTPSConnection object at 0x789653ee8410>: Failed to establish a new connection: [Errno 101] Network is unreachable')': /company/CHETTINAD/
2025-10-18 22:33:09,505 - ERROR - [ThreadPoolExecutor-2_7] - ✗ ERROR checking KCPSUGIND: HTTPSConnectionPool(host='www.screener.in', port=443): Max retries exceeded with url: /company/KCPSUGIND/ (Caused by NewConnectionError('<urllib3.connection.HTTPSConnection object at 0x789653eeade0>: Failed to establish a new connection: [Errno 101] Network is unreachable'))
2025-10-18 22:33:09,841 - WARNING - [ThreadPoolExecutor-2_8] - Retrying (Retry(total=1, connect=None, read=None, redirect=None, status=None)) after connection broken by 'NewConnectionError('<urllib3.connection.HTTPSConnection object at 0x789653eebce0>: Failed to establish a new connection: [Errno 101] Network is unreachable')': /company/MAHSCOOTER/
2025-10-18 22:33:10,059 - WARNING - [ThreadPoolExecutor-2_9] - Retrying (Retry(total=0, connect=None, read=None, redirect=None, status=None)) after connection broken by 'NewConnectionError('<urllib3.connection.HTTPSConnection object at 0x789653ee8680>: Failed to establish a new connection: [Errno 101] Network is unreachable')': /company/UJJIVANSFB/
2025-10-18 22:33:10,407 - WARNING - [ThreadPoolExecutor-2_4] - Retrying (Retry(total=1, connect=None, read=None, redirect=None, status=None)) after connection broken by 'NewConnectionError('<urllib3.connection.HTTPSConnection object at 0x789653eadd00>: Failed to establish a new connection: [Errno 101] Network is unreachable')': /company/DELTACORP/
2025-10-18 22:33:10,444 - WARNING - [ThreadPoolExecutor-2_0] - Retrying (Retry(total=0, connect=None, read=None, redirect=None, status=None)) after connection broken by 'NewConnectionError('<urllib3.connection.HTTPSConnection object at 0x789653eaf830>: Failed to establish a new connection: [Errno 101] Network is unreachable')': /company/CANBK/
2025-10-18 22:33:11,297 - ERROR - [ThreadPoolExecutor-2_9] - ✗ ERROR checking UJJIVANSFB: HTTPSConnectionPool(host='www.screener.in', port=443): Max retries exceeded with url: /company/UJJIVANSFB/ (Caused by NewConnectionError('<urllib3.connection.HTTPSConnection object at 0x789653ee86b0>: Failed to establish a new connection: [Errno 101] Network is unreachable'))
2025-10-18 22:33:12,443 - WARNING - [ThreadPoolExecutor-2_2] - Retrying (Retry(total=1, connect=None, read=None, redirect=None, status=None)) after connection broken by 'NewConnectionError('<urllib3.connection.HTTPSConnection object at 0x789653eea0c0>: Failed to establish a new connection: [Errno 101] Network is unreachable')': /company/UGROCAP/
2025-10-18 22:33:12,513 - WARNING - [ThreadPoolExecutor-2_9] - Retrying (Retry(total=2, connect=None, read=None, redirect=None, status=None)) after connection broken by 'NewConnectionError('<urllib3.connection.HTTPSConnection object at 0x789653ee83b0>: Failed to establish a new connection: [Errno 101] Network is unreachable')': /company/GODREJAGRO/
2025-10-18 22:33:13,282 - WARNING - [ThreadPoolExecutor-2_3] - Retrying (Retry(total=2, connect=None, read=None, redirect=None, status=None)) after connection broken by 'NewConnectionError('<urllib3.connection.HTTPSConnection object at 0x789653eeaf60>: Failed to establish a new connection: [Errno 101] Network is unreachable')': /company/EXIDEIND/
2025-10-18 22:36:11,015 - INFO - [MainThread] - /home/ubuntu/Projects/DB-Chat/ScreeneApp/Main/views.py changed, reloading.
2025-10-18 22:36:20,006 - WARNING - [Thread-1 (process_request_thread)] - Bad Request: /api/scrape-financial-data/
2025-10-18 22:36:44,192 - INFO - [MainThread] - /home/ubuntu/Projects/DB-Chat/ScreeneApp/Main/views.py changed, reloading.
2025-10-18 22:37:12,622 - INFO - [MainThread] - /home/ubuntu/Projects/DB-Chat/ScreeneApp/Main/views.py changed, reloading.
2025-10-18 22:37:49,035 - INFO - [Thread-1 (process_request_thread)] - ================================================================================
2025-10-18 22:37:49,037 - INFO - [Thread-1 (process_request_thread)] - 📋 NEW JOB CREATED
2025-10-18 22:37:49,037 - INFO - [Thread-1 (process_request_thread)] -    Job ID: 7a6f5340-c074-4d69-8ab0-0d5830b11ed7
2025-10-18 22:37:49,037 - INFO - [Thread-1 (process_request_thread)] -    Companies: 2194
2025-10-18 22:37:49,037 - INFO - [Thread-1 (process_request_thread)] -    Validation method: batch
2025-10-18 22:37:49,038 - INFO - [Thread-1 (process_request_thread)] -    Async mode: True
2025-10-18 22:37:49,038 - INFO - [Thread-1 (process_request_thread)] - ================================================================================
2025-10-18 22:37:49,038 - INFO - [Thread-1 (process_request_thread)] - Using BATCH validation method
2025-10-18 22:37:49,038 - INFO - [Thread-1 (process_request_thread)] - ================================================================================
2025-10-18 22:37:49,040 - INFO - [Thread-1 (process_request_thread)] - 🚀 STARTING BATCH VALIDATION
2025-10-18 22:37:49,040 - INFO - [Thread-1 (process_request_thread)] - 📊 Total companies: 2194
2025-10-18 22:37:49,040 - INFO - [Thread-1 (process_request_thread)] - 📦 Batch size: 50
2025-10-18 22:37:49,041 - INFO - [Thread-1 (process_request_thread)] - ⏰ Start time: 2025-10-18 22:37:49
2025-10-18 22:37:49,041 - INFO - [Thread-1 (process_request_thread)] - ================================================================================
2025-10-18 22:37:49,041 - INFO - [Thread-1 (process_request_thread)] - 📦 Processing batch 1/44 (50 companies)...
2025-10-18 22:37:49,541 - WARNING - [Thread-3 (check_company)] - Retrying (Retry(total=2, connect=None, read=None, redirect=None, status=None)) after connection broken by 'NewConnectionError('<urllib3.connection.HTTPSConnection object at 0x754c40c4cc20>: Failed to establish a new connection: [Errno 101] Network is unreachable')': /company/MANAKSIA/
2025-10-18 22:37:49,545 - WARNING - [Thread-2 (check_company)] - Retrying (Retry(total=2, connect=None, read=None, redirect=None, status=None)) after connection broken by 'NewConnectionError('<urllib3.connection.HTTPSConnection object at 0x754c40c4ce00>: Failed to establish a new connection: [Errno 101] Network is unreachable')': /company/KANPRPLA/
2025-10-18 22:37:49,546 - WARNING - [Thread-4 (check_company)] - Retrying (Retry(total=2, connect=None, read=None, redirect=None, status=None)) after connection broken by 'NewConnectionError('<urllib3.connection.HTTPSConnection object at 0x754c40c4d160>: Failed to establish a new connection: [Errno 101] Network is unreachable')': /company/AXISGOLD/
2025-10-18 22:37:49,547 - WARNING - [Thread-7 (check_company)] - Retrying (Retry(total=2, connect=None, read=None, redirect=None, status=None)) after connection broken by 'NewConnectionError('<urllib3.connection.HTTPSConnection object at 0x754c40c4d4f0>: Failed to establish a new connection: [Errno 101] Network is unreachable')': /company/BAJAJ-AUTO/
2025-10-18 22:37:49,550 - WARNING - [Thread-16 (check_company)] - Retrying (Retry(total=2, connect=None, read=None, redirect=None, status=None)) after connection broken by 'NewConnectionError('<urllib3.connection.HTTPSConnection object at 0x754c40c4fb60>: Failed to establish a new connection: [Errno 101] Network is unreachable')': /company/DELTACORP/
2025-10-18 22:37:49,551 - WARNING - [Thread-14 (check_company)] - Retrying (Retry(total=2, connect=None, read=None, redirect=None, status=None)) after connection broken by 'NewConnectionError('<urllib3.connection.HTTPSConnection object at 0x754c40c4f710>: Failed to establish a new connection: [Errno 101] Network is unreachable')': /company/COROMANDEL/
2025-10-18 22:37:50,593 - WARNING - [Thread-23 (check_company)] - Retrying (Retry(total=2, connect=None, read=None, redirect=None, status=None)) after connection broken by 'NewConnectionError('<urllib3.connection.HTTPSConnection object at 0x754c40c9b0b0>: Failed to establish a new connection: [Errno 101] Network is unreachable')': /company/EXIDEIND/
2025-10-18 22:37:51,617 - WARNING - [Thread-41 (check_company)] - Retrying (Retry(total=2, connect=None, read=None, redirect=None, status=None)) after connection broken by 'NewConnectionError('<urllib3.connection.HTTPSConnection object at 0x754c40c7a7b0>: Failed to establish a new connection: [Errno 101] Network is unreachable')': /company/KEYFINSERV/
2025-10-18 22:37:52,641 - WARNING - [Thread-39 (check_company)] - Retrying (Retry(total=2, connect=None, read=None, redirect=None, status=None)) after connection broken by 'NewConnectionError('<urllib3.connection.HTTPSConnection object at 0x754c40c7b920>: Failed to establish a new connection: [Errno 101] Network is unreachable')': /company/LICI/
2025-10-18 22:37:53,665 - WARNING - [Thread-50 (check_company)] - Retrying (Retry(total=2, connect=None, read=None, redirect=None, status=None)) after connection broken by 'NewConnectionError('<urllib3.connection.HTTPSConnection object at 0x754c40c99700>: Failed to establish a new connection: [Errno 101] Network is unreachable')': /company/KINGFA/
2025-10-18 22:37:54,689 - WARNING - [Thread-42 (check_company)] - Retrying (Retry(total=2, connect=None, read=None, redirect=None, status=None)) after connection broken by 'NewConnectionError('<urllib3.connection.HTTPSConnection object at 0x754c40c7a360>: Failed to establish a new connection: [Errno 101] Network is unreachable')': /company/KHAICHEM/
2025-10-18 22:37:56,737 - WARNING - [Thread-11 (check_company)] - Retrying (Retry(total=2, connect=None, read=None, redirect=None, status=None)) after connection broken by 'NewConnectionError('<urllib3.connection.HTTPSConnection object at 0x754c40c4e960>: Failed to establish a new connection: [Errno 101] Network is unreachable')': /company/KAVDEFENCE/
2025-10-18 22:37:57,905 - WARNING - [Thread-39 (check_company)] - Retrying (Retry(total=1, connect=None, read=None, redirect=None, status=None)) after connection broken by 'NewConnectionError('<urllib3.connection.HTTPSConnection object at 0x754c41763b60>: Failed to establish a new connection: [Errno 101] Network is unreachable')': /company/LICI/
2025-10-18 22:37:59,377 - WARNING - [Thread-20 (check_company)] - Retrying (Retry(total=2, connect=None, read=None, redirect=None, status=None)) after connection broken by 'NewConnectionError('<urllib3.connection.HTTPSConnection object at 0x754c40c78890>: Failed to establish a new connection: [Errno 101] Network is unreachable')': /company/MAHSCOOTER/
2025-10-18 22:37:59,384 - WARNING - [Thread-15 (check_company)] - Retrying (Retry(total=2, connect=None, read=None, redirect=None, status=None)) after connection broken by 'NewConnectionError('<urllib3.connection.HTTPSConnection object at 0x754c40c4de50>: Failed to establish a new connection: [Errno 101] Network is unreachable')': /company/KCP/
2025-10-18 22:37:59,385 - WARNING - [Thread-5 (check_company)] - Retrying (Retry(total=2, connect=None, read=None, redirect=None, status=None)) after connection broken by 'NewConnectionError('<urllib3.connection.HTTPSConnection object at 0x754c40c4da60>: Failed to establish a new connection: [Errno 101] Network is unreachable')': /company/ASHOKLEY/
2025-10-18 22:37:59,401 - WARNING - [Thread-29 (check_company)] - Retrying (Retry(total=2, connect=None, read=None, redirect=None, status=None)) after connection broken by 'NewConnectionError('<urllib3.connection.HTTPSConnection object at 0x754c40c78cb0>: Failed to establish a new connection: [Errno 101] Network is unreachable')': /company/HEIDELBERG/
2025-10-18 22:37:59,401 - WARNING - [Thread-43 (check_company)] - Retrying (Retry(total=2, connect=None, read=None, redirect=None, status=None)) after connection broken by 'NewConnectionError('<urllib3.connection.HTTPSConnection object at 0x754c40c985c0>: Failed to establish a new connection: [Errno 101] Network is unreachable')': /company/MUTHOOTFIN/
2025-10-18 22:37:59,402 - WARNING - [Thread-13 (check_company)] - Retrying (Retry(total=2, connect=None, read=None, redirect=None, status=None)) after connection broken by 'NewConnectionError('<urllib3.connection.HTTPSConnection object at 0x754c40c78e30>: Failed to establish a new connection: [Errno 101] Network is unreachable')': /company/CANBK/
2025-10-18 22:37:59,402 - WARNING - [Thread-37 (check_company)] - Retrying (Retry(total=2, connect=None, read=None, redirect=None, status=None)) after connection broken by 'NewConnectionError('<urllib3.connection.HTTPSConnection object at 0x754c40c9a270>: Failed to establish a new connection: [Errno 101] Network is unreachable')': /company/KRBL/
2025-10-18 22:37:59,402 - WARNING - [Thread-28 (check_company)] - Retrying (Retry(total=2, connect=None, read=None, redirect=None, status=None)) after connection broken by 'NewConnectionError('<urllib3.connection.HTTPSConnection object at 0x754c40c78440>: Failed to establish a new connection: [Errno 101] Network is unreachable')': /company/KEC/
2025-10-18 22:37:59,402 - WARNING - [Thread-33 (check_company)] - Retrying (Retry(total=2, connect=None, read=None, redirect=None, status=None)) after connection broken by 'NewConnectionError('<urllib3.connection.HTTPSConnection object at 0x754c40c7b4a0>: Failed to establish a new connection: [Errno 101] Network is unreachable')': /company/INDIACEM/
2025-10-18 22:37:59,403 - WARNING - [Thread-44 (check_company)] - Retrying (Retry(total=2, connect=None, read=None, redirect=None, status=None)) after connection broken by 'NewConnectionError('<urllib3.connection.HTTPSConnection object at 0x754c40c992b0>: Failed to establish a new connection: [Errno 101] Network is unreachable')': /company/NESTLEIND/
2025-10-18 22:37:59,403 - WARNING - [Thread-30 (check_company)] - Retrying (Retry(total=2, connect=None, read=None, redirect=None, status=None)) after connection broken by 'NewConnectionError('<urllib3.connection.HTTPSConnection object at 0x754c40c98a10>: Failed to establish a new connection: [Errno 101] Network is unreachable')': /company/HINDUNILVR/
2025-10-18 22:37:59,403 - WARNING - [Thread-8 (check_company)] - Retrying (Retry(total=2, connect=None, read=None, redirect=None, status=None)) after connection broken by 'NewConnectionError('<urllib3.connection.HTTPSConnection object at 0x754c40c4ec30>: Failed to establish a new connection: [Errno 101] Network is unreachable')': /company/BAJAJHLDNG/
2025-10-18 22:37:59,403 - WARNING - [Thread-32 (check_company)] - Retrying (Retry(total=2, connect=None, read=None, redirect=None, status=None)) after connection broken by 'NewConnectionError('<urllib3.connection.HTTPSConnection object at 0x754c40c79520>: Failed to establish a new connection: [Errno 101] Network is unreachable')': /company/ICICIPRULI/
2025-10-18 22:37:59,409 - WARNING - [Thread-12 (check_company)] - Retrying (Retry(total=2, connect=None, read=None, redirect=None, status=None)) after connection broken by 'NewConnectionError('<urllib3.connection.HTTPSConnection object at 0x754c40c98e60>: Failed to establish a new connection: [Errno 101] Network is unreachable')': /company/CHETTINAD/
2025-10-18 22:37:59,410 - WARNING - [Thread-9 (check_company)] - Retrying (Retry(total=2, connect=None, read=None, redirect=None, status=None)) after connection broken by 'NewConnectionError('<urllib3.connection.HTTPSConnection object at 0x754c40c4f110>: Failed to establish a new connection: [Errno 101] Network is unreachable')': /company/BAJFINANCE/
2025-10-18 22:37:59,411 - WARNING - [Thread-6 (check_company)] - Retrying (Retry(total=2, connect=None, read=None, redirect=None, status=None)) after connection broken by 'NewConnectionError('<urllib3.connection.HTTPSConnection object at 0x754c40c9ab10>: Failed to establish a new connection: [Errno 101] Network is unreachable')': /company/KANSAINER/
2025-10-18 22:37:59,419 - WARNING - [Thread-38 (check_company)] - Retrying (Retry(total=2, connect=None, read=None, redirect=None, status=None)) after connection broken by 'NewConnectionError('<urllib3.connection.HTTPSConnection object at 0x754c40c7ac00>: Failed to establish a new connection: [Errno 101] Network is unreachable')': /company/LALPATHLAB/
2025-10-18 22:37:59,419 - WARNING - [Thread-34 (check_company)] - Retrying (Retry(total=2, connect=None, read=None, redirect=None, status=None)) after connection broken by 'NewConnectionError('<urllib3.connection.HTTPSConnection object at 0x754c40c9b980>: Failed to establish a new connection: [Errno 101] Network is unreachable')': /company/KEI/
2025-10-18 22:37:59,419 - WARNING - [Thread-19 (check_company)] - Retrying (Retry(total=2, connect=None, read=None, redirect=None, status=None)) after connection broken by 'NewConnectionError('<urllib3.connection.HTTPSConnection object at 0x754c40c99df0>: Failed to establish a new connection: [Errno 101] Network is unreachable')': /company/UJJIVANSFB/
2025-10-18 22:37:59,420 - WARNING - [Thread-46 (check_company)] - Retrying (Retry(total=2, connect=None, read=None, redirect=None, status=None)) after connection broken by 'NewConnectionError('<urllib3.connection.HTTPSConnection object at 0x754c40c99be0>: Failed to establish a new connection: [Errno 101] Network is unreachable')': /company/ONGC/
2025-10-18 22:37:59,420 - WARNING - [Thread-45 (check_company)] - Retrying (Retry(total=2, connect=None, read=None, redirect=None, status=None)) after connection broken by 'NewConnectionError('<urllib3.connection.HTTPSConnection object at 0x754c40c9b530>: Failed to establish a new connection: [Errno 101] Network is unreachable')': /company/NTPC/
2025-10-18 22:37:59,423 - WARNING - [Thread-47 (check_company)] - Retrying (Retry(total=2, connect=None, read=None, redirect=None, status=None)) after connection broken by 'NewConnectionError('<urllib3.connection.HTTPSConnection object at 0x754c40c9a8d0>: Failed to establish a new connection: [Errno 101] Network is unreachable')': /company/MINDTREE/
2025-10-18 22:37:59,424 - WARNING - [Thread-24 (check_company)] - Retrying (Retry(total=2, connect=None, read=None, redirect=None, status=None)) after connection broken by 'NewConnectionError('<urllib3.connection.HTTPSConnection object at 0x754c40c9bc50>: Failed to establish a new connection: [Errno 101] Network is unreachable')': /company/FSL/
2025-10-18 22:37:59,424 - WARNING - [Thread-49 (check_company)] - Retrying (Retry(total=2, connect=None, read=None, redirect=None, status=None)) after connection broken by 'NewConnectionError('<urllib3.connection.HTTPSConnection object at 0x754c40cc0110>: Failed to establish a new connection: [Errno 101] Network is unreachable')': /company/KHANDSE/
2025-10-18 22:37:59,421 - WARNING - [Thread-10 (check_company)] - Retrying (Retry(total=2, connect=None, read=None, redirect=None, status=None)) after connection broken by 'NewConnectionError('<urllib3.connection.HTTPSConnection object at 0x754c40cc02f0>: Failed to establish a new connection: [Errno 101] Network is unreachable')': /company/BALKRISIND/
2025-10-18 22:37:59,422 - WARNING - [Thread-25 (check_company)] - Retrying (Retry(total=2, connect=None, read=None, redirect=None, status=None)) after connection broken by 'NewConnectionError('<urllib3.connection.HTTPSConnection object at 0x754c40c981d0>: Failed to establish a new connection: [Errno 101] Network is unreachable')': /company/GODREJAGRO/
2025-10-18 22:37:59,422 - WARNING - [Thread-17 (check_company)] - Retrying (Retry(total=2, connect=None, read=None, redirect=None, status=None)) after connection broken by 'NewConnectionError('<urllib3.connection.HTTPSConnection object at 0x754c40c7bd40>: Failed to establish a new connection: [Errno 101] Network is unreachable')': /company/KCPSUGIND/
2025-10-18 22:37:59,422 - WARNING - [Thread-36 (check_company)] - Retrying (Retry(total=2, connect=None, read=None, redirect=None, status=None)) after connection broken by 'NewConnectionError('<urllib3.connection.HTTPSConnection object at 0x754c40c79b80>: Failed to establish a new connection: [Errno 101] Network is unreachable')': /company/JUBLFOOD/
2025-10-18 22:37:59,423 - WARNING - [Thread-21 (check_company)] - Retrying (Retry(total=2, connect=None, read=None, redirect=None, status=None)) after connection broken by 'NewConnectionError('<urllib3.connection.HTTPSConnection object at 0x754c40c4ffb0>: Failed to establish a new connection: [Errno 101] Network is unreachable')': /company/EASEMYTRIP/
2025-10-18 22:37:59,423 - WARNING - [Thread-35 (check_company)] - Retrying (Retry(total=2, connect=None, read=None, redirect=None, status=None)) after connection broken by 'NewConnectionError('<urllib3.connection.HTTPSConnection object at 0x754c40c9a0f0>: Failed to establish a new connection: [Errno 101] Network is unreachable')': /company/JKCEMENT/
2025-10-18 22:37:59,422 - WARNING - [Thread-26 (check_company)] - Retrying (Retry(total=2, connect=None, read=None, redirect=None, status=None)) after connection broken by 'NewConnectionError('<urllib3.connection.HTTPSConnection object at 0x754c40c9a4b0>: Failed to establish a new connection: [Errno 101] Network is unreachable')': /company/MAXESTATES/
2025-10-18 22:37:59,421 - WARNING - [Thread-18 (check_company)] - Retrying (Retry(total=2, connect=None, read=None, redirect=None, status=None)) after connection broken by 'NewConnectionError('<urllib3.connection.HTTPSConnection object at 0x754c40cc0920>: Failed to establish a new connection: [Errno 101] Network is unreachable')': /company/UGROCAP/
2025-10-18 22:37:59,421 - WARNING - [Thread-31 (check_company)] - Retrying (Retry(total=2, connect=None, read=None, redirect=None, status=None)) after connection broken by 'NewConnectionError('<urllib3.connection.HTTPSConnection object at 0x754c40c7b050>: Failed to establish a new connection: [Errno 101] Network is unreachable')': /company/HINDZINC/
2025-10-18 22:37:59,421 - WARNING - [Thread-51 (check_company)] - Retrying (Retry(total=2, connect=None, read=None, redirect=None, status=None)) after connection broken by 'NewConnectionError('<urllib3.connection.HTTPSConnection object at 0x754c40c79fd0>: Failed to establish a new connection: [Errno 101] Network is unreachable')': /company/SAIL/
2025-10-18 22:37:59,430 - WARNING - [Thread-22 (check_company)] - Retrying (Retry(total=2, connect=None, read=None, redirect=None, status=None)) after connection broken by 'NewConnectionError('<urllib3.connection.HTTPSConnection object at 0x754c40cc0d40>: Failed to establish a new connection: [Errno 101] Network is unreachable')': /company/EICHERMOT/
2025-10-18 22:37:59,432 - WARNING - [Thread-48 (check_company)] - Retrying (Retry(total=2, connect=None, read=None, redirect=None, status=None)) after connection broken by 'NewConnectionError('<urllib3.connection.HTTPSConnection object at 0x754c40cc0e30>: Failed to establish a new connection: [Errno 101] Network is unreachable')': /company/MFSL/
2025-10-18 22:37:59,432 - WARNING - [Thread-40 (check_company)] - Retrying (Retry(total=2, connect=None, read=None, redirect=None, status=None)) after connection broken by 'NewConnectionError('<urllib3.connection.HTTPSConnection object at 0x754c40cc0fe0>: Failed to establish a new connection: [Errno 101] Network is unreachable')': /company/LTIM/
2025-10-18 22:37:59,432 - WARNING - [Thread-27 (check_company)] - Retrying (Retry(total=2, connect=None, read=None, redirect=None, status=None)) after connection broken by 'NewConnectionError('<urllib3.connection.HTTPSConnection object at 0x754c40cc04d0>: Failed to establish a new connection: [Errno 101] Network is unreachable')': /company/HDFC/
2025-10-18 22:37:59,953 - WARNING - [Thread-23 (check_company)] - Retrying (Retry(total=1, connect=None, read=None, redirect=None, status=None)) after connection broken by 'NewConnectionError('<urllib3.connection.HTTPSConnection object at 0x754c417633b0>: Failed to establish a new connection: [Errno 101] Network is unreachable')': /company/EXIDEIND/
2025-10-18 22:38:00,977 - WARNING - [Thread-41 (check_company)] - Retrying (Retry(total=1, connect=None, read=None, redirect=None, status=None)) after connection broken by 'NewConnectionError('<urllib3.connection.HTTPSConnection object at 0x754c417631d0>: Failed to establish a new connection: [Errno 101] Network is unreachable')': /company/KEYFINSERV/
2025-10-18 22:38:01,544 - WARNING - [Thread-3 (check_company)] - Retrying (Retry(total=1, connect=None, read=None, redirect=None, status=None)) after connection broken by 'NewConnectionError('<urllib3.connection.HTTPSConnection object at 0x754c40cc1130>: Failed to establish a new connection: [Errno 101] Network is unreachable')': /company/MANAKSIA/
2025-10-18 22:38:01,556 - WARNING - [Thread-2 (check_company)] - Retrying (Retry(total=1, connect=None, read=None, redirect=None, status=None)) after connection broken by 'NewConnectionError('<urllib3.connection.HTTPSConnection object at 0x754c40cc12e0>: Failed to establish a new connection: [Errno 101] Network is unreachable')': /company/KANPRPLA/
2025-10-18 22:38:01,557 - WARNING - [Thread-16 (check_company)] - Retrying (Retry(total=1, connect=None, read=None, redirect=None, status=None)) after connection broken by 'NewConnectionError('<urllib3.connection.HTTPSConnection object at 0x754c40cc17f0>: Failed to establish a new connection: [Errno 101] Network is unreachable')': /company/DELTACORP/
2025-10-18 22:38:01,559 - WARNING - [Thread-4 (check_company)] - Retrying (Retry(total=1, connect=None, read=None, redirect=None, status=None)) after connection broken by 'NewConnectionError('<urllib3.connection.HTTPSConnection object at 0x754c40cc1520>: Failed to establish a new connection: [Errno 101] Network is unreachable')': /company/AXISGOLD/
2025-10-18 22:38:01,559 - WARNING - [Thread-7 (check_company)] - Retrying (Retry(total=1, connect=None, read=None, redirect=None, status=None)) after connection broken by 'NewConnectionError('<urllib3.connection.HTTPSConnection object at 0x754c40cc1670>: Failed to establish a new connection: [Errno 101] Network is unreachable')': /company/BAJAJ-AUTO/
2025-10-18 22:38:01,563 - WARNING - [Thread-14 (check_company)] - Retrying (Retry(total=1, connect=None, read=None, redirect=None, status=None)) after connection broken by 'NewConnectionError('<urllib3.connection.HTTPSConnection object at 0x754c40cc19d0>: Failed to establish a new connection: [Errno 101] Network is unreachable')': /company/COROMANDEL/
2025-10-18 22:38:01,563 - WARNING - [Thread-20 (check_company)] - Retrying (Retry(total=1, connect=None, read=None, redirect=None, status=None)) after connection broken by 'NewConnectionError('<urllib3.connection.HTTPSConnection object at 0x754c41762cf0>: Failed to establish a new connection: [Errno 101] Network is unreachable')': /company/MAHSCOOTER/
2025-10-18 22:38:02,577 - WARNING - [Thread-5 (check_company)] - Retrying (Retry(total=1, connect=None, read=None, redirect=None, status=None)) after connection broken by 'NewConnectionError('<urllib3.connection.HTTPSConnection object at 0x754c41763ec0>: Failed to establish a new connection: [Errno 101] Network is unreachable')': /company/ASHOKLEY/
2025-10-18 22:38:03,601 - WARNING - [Thread-15 (check_company)] - Retrying (Retry(total=1, connect=None, read=None, redirect=None, status=None)) after connection broken by 'NewConnectionError('<urllib3.connection.HTTPSConnection object at 0x754c41763050>: Failed to establish a new connection: [Errno 101] Network is unreachable')': /company/KCP/
2025-10-18 22:38:04,689 - WARNING - [Thread-30 (check_company)] - Retrying (Retry(total=1, connect=None, read=None, redirect=None, status=None)) after connection broken by 'NewConnectionError('<urllib3.connection.HTTPSConnection object at 0x754c415d43b0>: Failed to establish a new connection: [Errno 101] Network is unreachable')': /company/HINDUNILVR/
2025-10-18 22:38:05,676 - WARNING - [Thread-50 (check_company)] - Retrying (Retry(total=1, connect=None, read=None, redirect=None, status=None)) after connection broken by 'NewConnectionError('<urllib3.connection.HTTPSConnection object at 0x754c41763f80>: Failed to establish a new connection: [Errno 101] Network is unreachable')': /company/KINGFA/
2025-10-18 22:38:05,713 - WARNING - [Thread-12 (check_company)] - Retrying (Retry(total=1, connect=None, read=None, redirect=None, status=None)) after connection broken by 'NewConnectionError('<urllib3.connection.HTTPSConnection object at 0x754c415d4a10>: Failed to establish a new connection: [Errno 101] Network is unreachable')': /company/CHETTINAD/
2025-10-18 22:38:06,700 - WARNING - [Thread-42 (check_company)] - Retrying (Retry(total=1, connect=None, read=None, redirect=None, status=None)) after connection broken by 'NewConnectionError('<urllib3.connection.HTTPSConnection object at 0x754c41763020>: Failed to establish a new connection: [Errno 101] Network is unreachable')': /company/KHAICHEM/
2025-10-18 22:38:06,737 - WARNING - [Thread-44 (check_company)] - Retrying (Retry(total=1, connect=None, read=None, redirect=None, status=None)) after connection broken by 'NewConnectionError('<urllib3.connection.HTTPSConnection object at 0x754c415d47d0>: Failed to establish a new connection: [Errno 101] Network is unreachable')': /company/NESTLEIND/
2025-10-18 22:38:08,748 - WARNING - [Thread-11 (check_company)] - Retrying (Retry(total=1, connect=None, read=None, redirect=None, status=None)) after connection broken by 'NewConnectionError('<urllib3.connection.HTTPSConnection object at 0x754c417637a0>: Failed to establish a new connection: [Errno 101] Network is unreachable')': /company/KAVDEFENCE/
2025-10-18 22:38:08,785 - WARNING - [Thread-34 (check_company)] - Retrying (Retry(total=1, connect=None, read=None, redirect=None, status=None)) after connection broken by 'NewConnectionError('<urllib3.connection.HTTPSConnection object at 0x754c417f7800>: Failed to establish a new connection: [Errno 101] Network is unreachable')': /company/KEI/
2025-10-18 22:38:09,825 - WARNING - [Thread-5 (check_company)] - Retrying (Retry(total=0, connect=None, read=None, redirect=None, status=None)) after connection broken by 'NewConnectionError('<urllib3.connection.HTTPSConnection object at 0x754c417f7680>: Failed to establish a new connection: [Errno 101] Network is unreachable')': /company/ASHOKLEY/
2025-10-18 22:38:11,412 - WARNING - [Thread-8 (check_company)] - Retrying (Retry(total=1, connect=None, read=None, redirect=None, status=None)) after connection broken by 'NewConnectionError('<urllib3.connection.HTTPSConnection object at 0x754c415d4b90>: Failed to establish a new connection: [Errno 101] Network is unreachable')': /company/BAJAJHLDNG/
2025-10-18 22:38:11,412 - WARNING - [Thread-29 (check_company)] - Retrying (Retry(total=1, connect=None, read=None, redirect=None, status=None)) after connection broken by 'NewConnectionError('<urllib3.connection.HTTPSConnection object at 0x754c417622a0>: Failed to establish a new connection: [Errno 101] Network is unreachable')': /company/HEIDELBERG/
2025-10-18 22:38:11,414 - WARNING - [Thread-43 (check_company)] - Retrying (Retry(total=1, connect=None, read=None, redirect=None, status=None)) after connection broken by 'NewConnectionError('<urllib3.connection.HTTPSConnection object at 0x754c415d44a0>: Failed to establish a new connection: [Errno 101] Network is unreachable')': /company/MUTHOOTFIN/
2025-10-18 22:38:11,415 - WARNING - [Thread-13 (check_company)] - Retrying (Retry(total=1, connect=None, read=None, redirect=None, status=None)) after connection broken by 'NewConnectionError('<urllib3.connection.HTTPSConnection object at 0x754c415d4800>: Failed to establish a new connection: [Errno 101] Network is unreachable')': /company/CANBK/
2025-10-18 22:38:11,415 - WARNING - [Thread-33 (check_company)] - Retrying (Retry(total=1, connect=None, read=None, redirect=None, status=None)) after connection broken by 'NewConnectionError('<urllib3.connection.HTTPSConnection object at 0x754c415d4d70>: Failed to establish a new connection: [Errno 101] Network is unreachable')': /company/INDIACEM/
2025-10-18 22:38:11,416 - WARNING - [Thread-28 (check_company)] - Retrying (Retry(total=1, connect=None, read=None, redirect=None, status=None)) after connection broken by 'NewConnectionError('<urllib3.connection.HTTPSConnection object at 0x754c415d4110>: Failed to establish a new connection: [Errno 101] Network is unreachable')': /company/KEC/
2025-10-18 22:38:11,416 - WARNING - [Thread-37 (check_company)] - Retrying (Retry(total=1, connect=None, read=None, redirect=None, status=None)) after connection broken by 'NewConnectionError('<urllib3.connection.HTTPSConnection object at 0x754c415d4980>: Failed to establish a new connection: [Errno 101] Network is unreachable')': /company/KRBL/
2025-10-18 22:38:11,417 - WARNING - [Thread-32 (check_company)] - Retrying (Retry(total=1, connect=None, read=None, redirect=None, status=None)) after connection broken by 'NewConnectionError('<urllib3.connection.HTTPSConnection object at 0x754c415d4d10>: Failed to establish a new connection: [Errno 101] Network is unreachable')': /company/ICICIPRULI/
2025-10-18 22:38:11,420 - WARNING - [Thread-9 (check_company)] - Retrying (Retry(total=1, connect=None, read=None, redirect=None, status=None)) after connection broken by 'NewConnectionError('<urllib3.connection.HTTPSConnection object at 0x754c417f52b0>: Failed to establish a new connection: [Errno 101] Network is unreachable')': /company/BAJFINANCE/
2025-10-18 22:38:11,421 - WARNING - [Thread-6 (check_company)] - Retrying (Retry(total=1, connect=None, read=None, redirect=None, status=None)) after connection broken by 'NewConnectionError('<urllib3.connection.HTTPSConnection object at 0x754c417f5400>: Failed to establish a new connection: [Errno 101] Network is unreachable')': /company/KANSAINER/
2025-10-18 22:38:11,434 - WARNING - [Thread-46 (check_company)] - Retrying (Retry(total=1, connect=None, read=None, redirect=None, status=None)) after connection broken by 'NewConnectionError('<urllib3.connection.HTTPSConnection object at 0x754c417f4da0>: Failed to establish a new connection: [Errno 101] Network is unreachable')': /company/ONGC/
2025-10-18 22:38:11,434 - WARNING - [Thread-45 (check_company)] - Retrying (Retry(total=1, connect=None, read=None, redirect=None, status=None)) after connection broken by 'NewConnectionError('<urllib3.connection.HTTPSConnection object at 0x754c417f4770>: Failed to establish a new connection: [Errno 101] Network is unreachable')': /company/NTPC/
2025-10-18 22:38:11,434 - WARNING - [Thread-25 (check_company)] - Retrying (Retry(total=1, connect=None, read=None, redirect=None, status=None)) after connection broken by 'NewConnectionError('<urllib3.connection.HTTPSConnection object at 0x754c417f5df0>: Failed to establish a new connection: [Errno 101] Network is unreachable')': /company/GODREJAGRO/
2025-10-18 22:38:11,435 - WARNING - [Thread-38 (check_company)] - Retrying (Retry(total=1, connect=None, read=None, redirect=None, status=None)) after connection broken by 'NewConnectionError('<urllib3.connection.HTTPSConnection object at 0x754c417f5340>: Failed to establish a new connection: [Errno 101] Network is unreachable')': /company/LALPATHLAB/
2025-10-18 22:38:11,435 - WARNING - [Thread-24 (check_company)] - Retrying (Retry(total=1, connect=None, read=None, redirect=None, status=None)) after connection broken by 'NewConnectionError('<urllib3.connection.HTTPSConnection object at 0x754c417f4ef0>: Failed to establish a new connection: [Errno 101] Network is unreachable')': /company/FSL/
2025-10-18 22:38:11,435 - WARNING - [Thread-10 (check_company)] - Retrying (Retry(total=1, connect=None, read=None, redirect=None, status=None)) after connection broken by 'NewConnectionError('<urllib3.connection.HTTPSConnection object at 0x754c417f6fc0>: Failed to establish a new connection: [Errno 101] Network is unreachable')': /company/BALKRISIND/
2025-10-18 22:38:11,435 - WARNING - [Thread-36 (check_company)] - Retrying (Retry(total=1, connect=None, read=None, redirect=None, status=None)) after connection broken by 'NewConnectionError('<urllib3.connection.HTTPSConnection object at 0x754c417f54f0>: Failed to establish a new connection: [Errno 101] Network is unreachable')': /company/JUBLFOOD/
2025-10-18 22:38:11,436 - WARNING - [Thread-47 (check_company)] - Retrying (Retry(total=1, connect=None, read=None, redirect=None, status=None)) after connection broken by 'NewConnectionError('<urllib3.connection.HTTPSConnection object at 0x754c417f6030>: Failed to establish a new connection: [Errno 101] Network is unreachable')': /company/MINDTREE/
2025-10-18 22:38:11,440 - WARNING - [Thread-19 (check_company)] - Retrying (Retry(total=1, connect=None, read=None, redirect=None, status=None)) after connection broken by 'NewConnectionError('<urllib3.connection.HTTPSConnection object at 0x754c417f59d0>: Failed to establish a new connection: [Errno 101] Network is unreachable')': /company/UJJIVANSFB/
2025-10-18 22:38:11,440 - WARNING - [Thread-17 (check_company)] - Retrying (Retry(total=1, connect=None, read=None, redirect=None, status=None)) after connection broken by 'NewConnectionError('<urllib3.connection.HTTPSConnection object at 0x754c417f65a0>: Failed to establish a new connection: [Errno 101] Network is unreachable')': /company/KCPSUGIND/
2025-10-18 22:38:11,441 - WARNING - [Thread-21 (check_company)] - Retrying (Retry(total=1, connect=None, read=None, redirect=None, status=None)) after connection broken by 'NewConnectionError('<urllib3.connection.HTTPSConnection object at 0x754c417f6c30>: Failed to establish a new connection: [Errno 101] Network is unreachable')': /company/EASEMYTRIP/
2025-10-18 22:38:11,443 - WARNING - [Thread-22 (check_company)] - Retrying (Retry(total=1, connect=None, read=None, redirect=None, status=None)) after connection broken by 'NewConnectionError('<urllib3.connection.HTTPSConnection object at 0x754c417f6810>: Failed to establish a new connection: [Errno 101] Network is unreachable')': /company/EICHERMOT/
2025-10-18 22:38:11,444 - WARNING - [Thread-49 (check_company)] - Retrying (Retry(total=1, connect=None, read=None, redirect=None, status=None)) after connection broken by 'NewConnectionError('<urllib3.connection.HTTPSConnection object at 0x754c417f4410>: Failed to establish a new connection: [Errno 101] Network is unreachable')': /company/KHANDSE/
2025-10-18 22:38:11,444 - WARNING - [Thread-48 (check_company)] - Retrying (Retry(total=1, connect=None, read=None, redirect=None, status=None)) after connection broken by 'NewConnectionError('<urllib3.connection.HTTPSConnection object at 0x754c417f60c0>: Failed to establish a new connection: [Errno 101] Network is unreachable')': /company/MFSL/
2025-10-18 22:38:11,445 - WARNING - [Thread-18 (check_company)] - Retrying (Retry(total=1, connect=None, read=None, redirect=None, status=None)) after connection broken by 'NewConnectionError('<urllib3.connection.HTTPSConnection object at 0x754c417f4230>: Failed to establish a new connection: [Errno 101] Network is unreachable')': /company/UGROCAP/
2025-10-18 22:38:11,444 - WARNING - [Thread-26 (check_company)] - Retrying (Retry(total=1, connect=None, read=None, redirect=None, status=None)) after connection broken by 'NewConnectionError('<urllib3.connection.HTTPSConnection object at 0x754c417f5310>: Failed to establish a new connection: [Errno 101] Network is unreachable')': /company/MAXESTATES/
2025-10-18 22:38:11,446 - WARNING - [Thread-51 (check_company)] - Retrying (Retry(total=1, connect=None, read=None, redirect=None, status=None)) after connection broken by 'NewConnectionError('<urllib3.connection.HTTPSConnection object at 0x754c417f7590>: Failed to establish a new connection: [Errno 101] Network is unreachable')': /company/SAIL/
2025-10-18 22:38:11,447 - WARNING - [Thread-31 (check_company)] - Retrying (Retry(total=1, connect=None, read=None, redirect=None, status=None)) after connection broken by 'NewConnectionError('<urllib3.connection.HTTPSConnection object at 0x754c417f4e30>: Failed to establish a new connection: [Errno 101] Network is unreachable')': /company/HINDZINC/
2025-10-18 22:38:11,447 - WARNING - [Thread-40 (check_company)] - Retrying (Retry(total=1, connect=None, read=None, redirect=None, status=None)) after connection broken by 'NewConnectionError('<urllib3.connection.HTTPSConnection object at 0x754c417f6c60>: Failed to establish a new connection: [Errno 101] Network is unreachable')': /company/LTIM/
2025-10-18 22:38:11,448 - WARNING - [Thread-27 (check_company)] - Retrying (Retry(total=1, connect=None, read=None, redirect=None, status=None)) after connection broken by 'NewConnectionError('<urllib3.connection.HTTPSConnection object at 0x754c417f5bb0>: Failed to establish a new connection: [Errno 101] Network is unreachable')': /company/HDFC/
2025-10-18 22:38:11,449 - WARNING - [Thread-35 (check_company)] - Retrying (Retry(total=1, connect=None, read=None, redirect=None, status=None)) after connection broken by 'NewConnectionError('<urllib3.connection.HTTPSConnection object at 0x754c417f5be0>: Failed to establish a new connection: [Errno 101] Network is unreachable')': /company/JKCEMENT/
2025-10-18 22:38:11,873 - WARNING - [Thread-15 (check_company)] - Retrying (Retry(total=0, connect=None, read=None, redirect=None, status=None)) after connection broken by 'NewConnectionError('<urllib3.connection.HTTPSConnection object at 0x754c417f6510>: Failed to establish a new connection: [Errno 101] Network is unreachable')': /company/KCP/
2025-10-18 22:38:11,917 - WARNING - [Thread-39 (check_company)] - Retrying (Retry(total=0, connect=None, read=None, redirect=None, status=None)) after connection broken by 'NewConnectionError('<urllib3.connection.HTTPSConnection object at 0x754c41763fb0>: Failed to establish a new connection: [Errno 101] Network is unreachable')': /company/LICI/
2025-10-18 22:38:12,897 - WARNING - [Thread-3 (check_company)] - Retrying (Retry(total=0, connect=None, read=None, redirect=None, status=None)) after connection broken by 'NewConnectionError('<urllib3.connection.HTTPSConnection object at 0x754c417f4680>: Failed to establish a new connection: [Errno 101] Network is unreachable')': /company/MANAKSIA/
2025-10-18 22:38:13,965 - WARNING - [Thread-23 (check_company)] - Retrying (Retry(total=0, connect=None, read=None, redirect=None, status=None)) after connection broken by 'NewConnectionError('<urllib3.connection.HTTPSConnection object at 0x754c417f6e10>: Failed to establish a new connection: [Errno 101] Network is unreachable')': /company/EXIDEIND/
2025-10-18 22:38:13,985 - WARNING - [Thread-30 (check_company)] - Retrying (Retry(total=0, connect=None, read=None, redirect=None, status=None)) after connection broken by 'NewConnectionError('<urllib3.connection.HTTPSConnection object at 0x754c417f5190>: Failed to establish a new connection: [Errno 101] Network is unreachable')': /company/HINDUNILVR/
2025-10-18 22:38:14,984 - WARNING - [Thread-41 (check_company)] - Retrying (Retry(total=0, connect=None, read=None, redirect=None, status=None)) after connection broken by 'NewConnectionError('<urllib3.connection.HTTPSConnection object at 0x754c417f5cd0>: Failed to establish a new connection: [Errno 101] Network is unreachable')': /company/KEYFINSERV/
2025-10-18 22:38:15,009 - WARNING - [Thread-42 (check_company)] - Retrying (Retry(total=0, connect=None, read=None, redirect=None, status=None)) after connection broken by 'NewConnectionError('<urllib3.connection.HTTPSConnection object at 0x754c417b8da0>: Failed to establish a new connection: [Errno 101] Network is unreachable')': /company/KHAICHEM/
2025-10-18 22:38:15,568 - WARNING - [Thread-2 (check_company)] - Retrying (Retry(total=0, connect=None, read=None, redirect=None, status=None)) after connection broken by 'NewConnectionError('<urllib3.connection.HTTPSConnection object at 0x754c417f4c20>: Failed to establish a new connection: [Errno 101] Network is unreachable')': /company/KANPRPLA/
2025-10-18 22:38:15,568 - WARNING - [Thread-16 (check_company)] - Retrying (Retry(total=0, connect=None, read=None, redirect=None, status=None)) after connection broken by 'NewConnectionError('<urllib3.connection.HTTPSConnection object at 0x754c417f4c50>: Failed to establish a new connection: [Errno 101] Network is unreachable')': /company/DELTACORP/
2025-10-18 22:38:15,570 - WARNING - [Thread-4 (check_company)] - Retrying (Retry(total=0, connect=None, read=None, redirect=None, status=None)) after connection broken by 'NewConnectionError('<urllib3.connection.HTTPSConnection object at 0x754c417f41a0>: Failed to establish a new connection: [Errno 101] Network is unreachable')': /company/AXISGOLD/
2025-10-18 22:38:15,571 - WARNING - [Thread-7 (check_company)] - Retrying (Retry(total=0, connect=None, read=None, redirect=None, status=None)) after connection broken by 'NewConnectionError('<urllib3.connection.HTTPSConnection object at 0x754c417f5670>: Failed to establish a new connection: [Errno 101] Network is unreachable')': /company/BAJAJ-AUTO/
2025-10-18 22:38:15,573 - WARNING - [Thread-14 (check_company)] - Retrying (Retry(total=0, connect=None, read=None, redirect=None, status=None)) after connection broken by 'NewConnectionError('<urllib3.connection.HTTPSConnection object at 0x754c417f67e0>: Failed to establish a new connection: [Errno 101] Network is unreachable')': /company/COROMANDEL/
2025-10-18 22:38:15,574 - WARNING - [Thread-20 (check_company)] - Retrying (Retry(total=0, connect=None, read=None, redirect=None, status=None)) after connection broken by 'NewConnectionError('<urllib3.connection.HTTPSConnection object at 0x754c417f4b90>: Failed to establish a new connection: [Errno 101] Network is unreachable')': /company/MAHSCOOTER/
2025-10-18 22:38:15,598 - WARNING - [Thread-8 (check_company)] - Retrying (Retry(total=0, connect=None, read=None, redirect=None, status=None)) after connection broken by 'NewConnectionError('<urllib3.connection.HTTPSConnection object at 0x754c417b8ef0>: Failed to establish a new connection: [Errno 101] Network is unreachable')': /company/BAJAJHLDNG/
2025-10-18 22:38:16,609 - WARNING - [Thread-13 (check_company)] - Retrying (Retry(total=0, connect=None, read=None, redirect=None, status=None)) after connection broken by 'NewConnectionError('<urllib3.connection.HTTPSConnection object at 0x754c417b8e60>: Failed to establish a new connection: [Errno 101] Network is unreachable')': /company/CANBK/
2025-10-18 22:38:17,633 - WARNING - [Thread-33 (check_company)] - Retrying (Retry(total=0, connect=None, read=None, redirect=None, status=None)) after connection broken by 'NewConnectionError('<urllib3.connection.HTTPSConnection object at 0x754c417bac30>: Failed to establish a new connection: [Errno 101] Network is unreachable')': /company/INDIACEM/
2025-10-18 22:38:18,657 - WARNING - [Thread-6 (check_company)] - Retrying (Retry(total=0, connect=None, read=None, redirect=None, status=None)) after connection broken by 'NewConnectionError('<urllib3.connection.HTTPSConnection object at 0x754c417b82c0>: Failed to establish a new connection: [Errno 101] Network is unreachable')': /company/KANSAINER/
2025-10-18 22:38:19,681 - WARNING - [Thread-43 (check_company)] - Retrying (Retry(total=0, connect=None, read=None, redirect=None, status=None)) after connection broken by 'NewConnectionError('<urllib3.connection.HTTPSConnection object at 0x754c417bac00>: Failed to establish a new connection: [Errno 101] Network is unreachable')': /company/MUTHOOTFIN/
2025-10-18 22:38:19,688 - WARNING - [Thread-50 (check_company)] - Retrying (Retry(total=0, connect=None, read=None, redirect=None, status=None)) after connection broken by 'NewConnectionError('<urllib3.connection.HTTPSConnection object at 0x754c417bb140>: Failed to establish a new connection: [Errno 101] Network is unreachable')': /company/KINGFA/
2025-10-18 22:38:19,724 - WARNING - [Thread-12 (check_company)] - Retrying (Retry(total=0, connect=None, read=None, redirect=None, status=None)) after connection broken by 'NewConnectionError('<urllib3.connection.HTTPSConnection object at 0x754c417b8c20>: Failed to establish a new connection: [Errno 101] Network is unreachable')': /company/CHETTINAD/
2025-10-18 22:38:20,705 - WARNING - [Thread-28 (check_company)] - Retrying (Retry(total=0, connect=None, read=None, redirect=None, status=None)) after connection broken by 'NewConnectionError('<urllib3.connection.HTTPSConnection object at 0x754c417b9c70>: Failed to establish a new connection: [Errno 101] Network is unreachable')': /company/KEC/
2025-10-18 22:38:20,748 - WARNING - [Thread-44 (check_company)] - Retrying (Retry(total=0, connect=None, read=None, redirect=None, status=None)) after connection broken by 'NewConnectionError('<urllib3.connection.HTTPSConnection object at 0x754c417bbb30>: Failed to establish a new connection: [Errno 101] Network is unreachable')': /company/NESTLEIND/
2025-10-18 22:38:22,753 - WARNING - [Thread-32 (check_company)] - Retrying (Retry(total=0, connect=None, read=None, redirect=None, status=None)) after connection broken by 'NewConnectionError('<urllib3.connection.HTTPSConnection object at 0x754c417b9040>: Failed to establish a new connection: [Errno 101] Network is unreachable')': /company/ICICIPRULI/
2025-10-18 22:38:22,759 - WARNING - [Thread-11 (check_company)] - Retrying (Retry(total=0, connect=None, read=None, redirect=None, status=None)) after connection broken by 'NewConnectionError('<urllib3.connection.HTTPSConnection object at 0x754c417b9760>: Failed to establish a new connection: [Errno 101] Network is unreachable')': /company/KAVDEFENCE/
2025-10-18 22:38:22,796 - WARNING - [Thread-34 (check_company)] - Retrying (Retry(total=0, connect=None, read=None, redirect=None, status=None)) after connection broken by 'NewConnectionError('<urllib3.connection.HTTPSConnection object at 0x754c417ba660>: Failed to establish a new connection: [Errno 101] Network is unreachable')': /company/KEI/
2025-10-18 22:38:25,424 - WARNING - [Thread-29 (check_company)] - Retrying (Retry(total=0, connect=None, read=None, redirect=None, status=None)) after connection broken by 'NewConnectionError('<urllib3.connection.HTTPSConnection object at 0x754c417bb770>: Failed to establish a new connection: [Errno 101] Network is unreachable')': /company/HEIDELBERG/
2025-10-18 22:38:25,428 - WARNING - [Thread-37 (check_company)] - Retrying (Retry(total=0, connect=None, read=None, redirect=None, status=None)) after connection broken by 'NewConnectionError('<urllib3.connection.HTTPSConnection object at 0x754c417ba6c0>: Failed to establish a new connection: [Errno 101] Network is unreachable')': /company/KRBL/
2025-10-18 22:38:25,428 - WARNING - [Thread-9 (check_company)] - Retrying (Retry(total=0, connect=None, read=None, redirect=None, status=None)) after connection broken by 'NewConnectionError('<urllib3.connection.HTTPSConnection object at 0x754c417b9670>: Failed to establish a new connection: [Errno 101] Network is unreachable')': /company/BAJFINANCE/
2025-10-18 22:38:25,446 - WARNING - [Thread-10 (check_company)] - Retrying (Retry(total=0, connect=None, read=None, redirect=None, status=None)) after connection broken by 'NewConnectionError('<urllib3.connection.HTTPSConnection object at 0x754c417b9b50>: Failed to establish a new connection: [Errno 101] Network is unreachable')': /company/BALKRISIND/
2025-10-18 22:38:25,446 - WARNING - [Thread-22 (check_company)] - Retrying (Retry(total=0, connect=None, read=None, redirect=None, status=None)) after connection broken by 'NewConnectionError('<urllib3.connection.HTTPSConnection object at 0x754c417bbe00>: Failed to establish a new connection: [Errno 101] Network is unreachable')': /company/EICHERMOT/
2025-10-18 22:38:25,446 - WARNING - [Thread-47 (check_company)] - Retrying (Retry(total=0, connect=None, read=None, redirect=None, status=None)) after connection broken by 'NewConnectionError('<urllib3.connection.HTTPSConnection object at 0x754c417b96d0>: Failed to establish a new connection: [Errno 101] Network is unreachable')': /company/MINDTREE/
2025-10-18 22:38:25,446 - WARNING - [Thread-25 (check_company)] - Retrying (Retry(total=0, connect=None, read=None, redirect=None, status=None)) after connection broken by 'NewConnectionError('<urllib3.connection.HTTPSConnection object at 0x754c417ba720>: Failed to establish a new connection: [Errno 101] Network is unreachable')': /company/GODREJAGRO/
2025-10-18 22:38:25,447 - WARNING - [Thread-45 (check_company)] - Retrying (Retry(total=0, connect=None, read=None, redirect=None, status=None)) after connection broken by 'NewConnectionError('<urllib3.connection.HTTPSConnection object at 0x754c417bbce0>: Failed to establish a new connection: [Errno 101] Network is unreachable')': /company/NTPC/
2025-10-18 22:38:25,447 - WARNING - [Thread-38 (check_company)] - Connection pool is full, discarding connection: www.screener.in. Connection pool size: 20
2025-10-18 22:38:25,447 - WARNING - [Thread-36 (check_company)] - Retrying (Retry(total=0, connect=None, read=None, redirect=None, status=None)) after connection broken by 'NewConnectionError('<urllib3.connection.HTTPSConnection object at 0x754c417bbd70>: Failed to establish a new connection: [Errno 101] Network is unreachable')': /company/JUBLFOOD/
2025-10-18 22:38:25,447 - WARNING - [Thread-24 (check_company)] - Connection pool is full, discarding connection: www.screener.in. Connection pool size: 20
2025-10-18 22:38:25,448 - WARNING - [Thread-46 (check_company)] - Retrying (Retry(total=0, connect=None, read=None, redirect=None, status=None)) after connection broken by 'NewConnectionError('<urllib3.connection.HTTPSConnection object at 0x754c417ba180>: Failed to establish a new connection: [Errno 101] Network is unreachable')': /company/ONGC/
2025-10-18 22:38:25,450 - WARNING - [Thread-24 (check_company)] - Retrying (Retry(total=0, connect=None, read=None, redirect=None, status=None)) after connection broken by 'NewConnectionError('<urllib3.connection.HTTPSConnection object at 0x754c417ba3f0>: Failed to establish a new connection: [Errno 101] Network is unreachable')': /company/FSL/
2025-10-18 22:38:25,450 - WARNING - [Thread-38 (check_company)] - Retrying (Retry(total=0, connect=None, read=None, redirect=None, status=None)) after connection broken by 'NewConnectionError('<urllib3.connection.HTTPSConnection object at 0x754c417b89b0>: Failed to establish a new connection: [Errno 101] Network is unreachable')': /company/LALPATHLAB/
2025-10-18 22:38:25,451 - WARNING - [Thread-17 (check_company)] - Retrying (Retry(total=0, connect=None, read=None, redirect=None, status=None)) after connection broken by 'NewConnectionError('<urllib3.connection.HTTPSConnection object at 0x754c417bb920>: Failed to establish a new connection: [Errno 101] Network is unreachable')': /company/KCPSUGIND/
2025-10-18 22:38:25,452 - WARNING - [Thread-19 (check_company)] - Retrying (Retry(total=0, connect=None, read=None, redirect=None, status=None)) after connection broken by 'NewConnectionError('<urllib3.connection.HTTPSConnection object at 0x754c417bbcb0>: Failed to establish a new connection: [Errno 101] Network is unreachable')': /company/UJJIVANSFB/
2025-10-18 22:38:25,452 - WARNING - [Thread-21 (check_company)] - Retrying (Retry(total=0, connect=None, read=None, redirect=None, status=None)) after connection broken by 'NewConnectionError('<urllib3.connection.HTTPSConnection object at 0x754c417b98e0>: Failed to establish a new connection: [Errno 101] Network is unreachable')': /company/EASEMYTRIP/
2025-10-18 22:38:25,460 - WARNING - [Thread-51 (check_company)] - Retrying (Retry(total=0, connect=None, read=None, redirect=None, status=None)) after connection broken by 'NewConnectionError('<urllib3.connection.HTTPSConnection object at 0x754c40cc1730>: Failed to establish a new connection: [Errno 101] Network is unreachable')': /company/SAIL/
2025-10-18 22:38:25,461 - WARNING - [Thread-40 (check_company)] - Retrying (Retry(total=0, connect=None, read=None, redirect=None, status=None)) after connection broken by 'NewConnectionError('<urllib3.connection.HTTPSConnection object at 0x754c4011c260>: Failed to establish a new connection: [Errno 101] Network is unreachable')': /company/LTIM/
2025-10-18 22:38:25,461 - WARNING - [Thread-35 (check_company)] - Retrying (Retry(total=0, connect=None, read=None, redirect=None, status=None)) after connection broken by 'NewConnectionError('<urllib3.connection.HTTPSConnection object at 0x754c4011c4a0>: Failed to establish a new connection: [Errno 101] Network is unreachable')': /company/JKCEMENT/
2025-10-18 22:38:25,462 - WARNING - [Thread-27 (check_company)] - Retrying (Retry(total=0, connect=None, read=None, redirect=None, status=None)) after connection broken by 'NewConnectionError('<urllib3.connection.HTTPSConnection object at 0x754c4011c320>: Failed to establish a new connection: [Errno 101] Network is unreachable')': /company/HDFC/
2025-10-18 22:38:25,462 - WARNING - [Thread-48 (check_company)] - Retrying (Retry(total=0, connect=None, read=None, redirect=None, status=None)) after connection broken by 'NewConnectionError('<urllib3.connection.HTTPSConnection object at 0x754c417bb7d0>: Failed to establish a new connection: [Errno 101] Network is unreachable')': /company/MFSL/
2025-10-18 22:38:25,462 - WARNING - [Thread-18 (check_company)] - Retrying (Retry(total=0, connect=None, read=None, redirect=None, status=None)) after connection broken by 'NewConnectionError('<urllib3.connection.HTTPSConnection object at 0x754c417bbda0>: Failed to establish a new connection: [Errno 101] Network is unreachable')': /company/UGROCAP/
2025-10-18 22:38:25,462 - WARNING - [Thread-49 (check_company)] - Retrying (Retry(total=0, connect=None, read=None, redirect=None, status=None)) after connection broken by 'NewConnectionError('<urllib3.connection.HTTPSConnection object at 0x754c417bacc0>: Failed to establish a new connection: [Errno 101] Network is unreachable')': /company/KHANDSE/
2025-10-18 22:38:25,462 - WARNING - [Thread-26 (check_company)] - Retrying (Retry(total=0, connect=None, read=None, redirect=None, status=None)) after connection broken by 'NewConnectionError('<urllib3.connection.HTTPSConnection object at 0x754c417b8530>: Failed to establish a new connection: [Errno 101] Network is unreachable')': /company/MAXESTATES/
2025-10-18 22:38:25,462 - WARNING - [Thread-31 (check_company)] - Retrying (Retry(total=0, connect=None, read=None, redirect=None, status=None)) after connection broken by 'NewConnectionError('<urllib3.connection.HTTPSConnection object at 0x754c40cc09e0>: Failed to establish a new connection: [Errno 101] Network is unreachable')': /company/HINDZINC/
2025-10-18 22:38:27,649 - WARNING - [Thread-9 (check_company)] - Connection pool is full, discarding connection: www.screener.in. Connection pool size: 20
2025-10-18 22:38:28,670 - WARNING - [Thread-6 (check_company)] - Connection pool is full, discarding connection: www.screener.in. Connection pool size: 20
2025-10-18 22:38:28,739 - WARNING - [Thread-47 (check_company)] - Connection pool is full, discarding connection: www.screener.in. Connection pool size: 20
2025-10-18 22:38:29,698 - WARNING - [Thread-50 (check_company)] - Connection pool is full, discarding connection: www.screener.in. Connection pool size: 20
2025-10-18 22:38:29,735 - WARNING - [Thread-12 (check_company)] - Connection pool is full, discarding connection: www.screener.in. Connection pool size: 20
2025-10-18 22:38:29,761 - WARNING - [Thread-10 (check_company)] - Connection pool is full, discarding connection: www.screener.in. Connection pool size: 20
2025-10-18 22:38:30,709 - WARNING - [Thread-28 (check_company)] - Connection pool is full, discarding connection: www.screener.in. Connection pool size: 20
2025-10-18 22:38:30,785 - WARNING - [Thread-31 (check_company)] - Connection pool is full, discarding connection: www.screener.in. Connection pool size: 20
2025-10-18 22:38:32,763 - WARNING - [Thread-32 (check_company)] - Connection pool is full, discarding connection: www.screener.in. Connection pool size: 20
2025-10-18 22:38:32,763 - WARNING - [Thread-11 (check_company)] - Connection pool is full, discarding connection: www.screener.in. Connection pool size: 20
2025-10-18 22:38:32,833 - WARNING - [Thread-38 (check_company)] - Connection pool is full, discarding connection: www.screener.in. Connection pool size: 20
2025-10-18 22:38:32,833 - WARNING - [Thread-36 (check_company)] - Connection pool is full, discarding connection: www.screener.in. Connection pool size: 20
2025-10-18 22:38:35,453 - WARNING - [Thread-22 (check_company)] - Connection pool is full, discarding connection: www.screener.in. Connection pool size: 20
2025-10-18 22:38:35,454 - WARNING - [Thread-24 (check_company)] - Connection pool is full, discarding connection: www.screener.in. Connection pool size: 20
2025-10-18 22:38:35,454 - WARNING - [Thread-46 (check_company)] - Connection pool is full, discarding connection: www.screener.in. Connection pool size: 20
2025-10-18 22:38:35,454 - WARNING - [Thread-45 (check_company)] - Connection pool is full, discarding connection: www.screener.in. Connection pool size: 20
2025-10-18 22:38:35,455 - WARNING - [Thread-25 (check_company)] - Connection pool is full, discarding connection: www.screener.in. Connection pool size: 20
2025-10-18 22:38:35,460 - WARNING - [Thread-17 (check_company)] - Connection pool is full, discarding connection: www.screener.in. Connection pool size: 20
2025-10-18 22:38:35,460 - WARNING - [Thread-21 (check_company)] - Connection pool is full, discarding connection: www.screener.in. Connection pool size: 20
2025-10-18 22:38:35,460 - WARNING - [Thread-19 (check_company)] - Connection pool is full, discarding connection: www.screener.in. Connection pool size: 20
2025-10-18 22:38:35,466 - WARNING - [Thread-48 (check_company)] - Connection pool is full, discarding connection: www.screener.in. Connection pool size: 20
2025-10-18 22:38:35,467 - WARNING - [Thread-27 (check_company)] - Connection pool is full, discarding connection: www.screener.in. Connection pool size: 20
2025-10-18 22:38:35,467 - WARNING - [Thread-18 (check_company)] - Connection pool is full, discarding connection: www.screener.in. Connection pool size: 20
2025-10-18 22:38:35,467 - WARNING - [Thread-51 (check_company)] - Connection pool is full, discarding connection: www.screener.in. Connection pool size: 20
2025-10-18 22:38:35,473 - WARNING - [Thread-26 (check_company)] - Connection pool is full, discarding connection: www.screener.in. Connection pool size: 20
2025-10-18 22:38:35,473 - WARNING - [Thread-40 (check_company)] - Connection pool is full, discarding connection: www.screener.in. Connection pool size: 20
2025-10-18 22:38:35,473 - WARNING - [Thread-49 (check_company)] - Connection pool is full, discarding connection: www.screener.in. Connection pool size: 20
2025-10-18 22:38:35,473 - WARNING - [Thread-35 (check_company)] - Connection pool is full, discarding connection: www.screener.in. Connection pool size: 20
2025-10-18 22:38:35,474 - INFO - [Thread-1 (process_request_thread)] - ✅ Batch 1 complete: Found 0/50 | Total: 0 | Time: 46s
2025-10-18 22:38:37,475 - INFO - [Thread-1 (process_request_thread)] - 📦 Processing batch 2/44 (50 companies)...
2025-10-18 22:38:37,966 - WARNING - [Thread-67 (check_company)] - Retrying (Retry(total=2, connect=None, read=None, redirect=None, status=None)) after connection broken by 'NewConnectionError('<urllib3.connection.HTTPSConnection object at 0x754c4011f6e0>: Failed to establish a new connection: [Errno 101] Network is unreachable')': /company/ABLBL/
2025-10-18 22:38:37,972 - WARNING - [Thread-62 (check_company)] - Retrying (Retry(total=2, connect=None, read=None, redirect=None, status=None)) after connection broken by 'NewConnectionError('<urllib3.connection.HTTPSConnection object at 0x754c40c9b650>: Failed to establish a new connection: [Errno 101] Network is unreachable')': /company/TECHM/
2025-10-18 22:38:37,976 - WARNING - [Thread-61 (check_company)] - Retrying (Retry(total=2, connect=None, read=None, redirect=None, status=None)) after connection broken by 'NewConnectionError('<urllib3.connection.HTTPSConnection object at 0x754c40c4ecf0>: Failed to establish a new connection: [Errno 101] Network is unreachable')': /company/VAIBHAVGBL/
2025-10-18 22:38:37,977 - WARNING - [Thread-71 (check_company)] - Retrying (Retry(total=2, connect=None, read=None, redirect=None, status=None)) after connection broken by 'NewConnectionError('<urllib3.connection.HTTPSConnection object at 0x754c4011e6c0>: Failed to establish a new connection: [Errno 101] Network is unreachable')': /company/KPITTECH/
2025-10-18 22:38:37,978 - WARNING - [Thread-80 (check_company)] - Retrying (Retry(total=2, connect=None, read=None, redirect=None, status=None)) after connection broken by 'NewConnectionError('<urllib3.connection.HTTPSConnection object at 0x754c40c7a450>: Failed to establish a new connection: [Errno 101] Network is unreachable')': /company/KROSS/
2025-10-18 22:38:39,041 - WARNING - [Thread-85 (check_company)] - Retrying (Retry(total=2, connect=None, read=None, redirect=None, status=None)) after connection broken by 'NewConnectionError('<urllib3.connection.HTTPSConnection object at 0x754c41589c40>: Failed to establish a new connection: [Errno 101] Network is unreachable')': /company/AARON/
2025-10-18 22:38:40,065 - WARNING - [Thread-87 (check_company)] - Retrying (Retry(total=2, connect=None, read=None, redirect=None, status=None)) after connection broken by 'NewConnectionError('<urllib3.connection.HTTPSConnection object at 0x754c4154de20>: Failed to establish a new connection: [Errno 101] Network is unreachable')': /company/BORANA/
2025-10-18 22:38:41,089 - WARNING - [Thread-75 (check_company)] - Retrying (Retry(total=2, connect=None, read=None, redirect=None, status=None)) after connection broken by 'NewConnectionError('<urllib3.connection.HTTPSConnection object at 0x754c415881d0>: Failed to establish a new connection: [Errno 101] Network is unreachable')': /company/3MINDIA/
2025-10-18 22:38:42,113 - WARNING - [Thread-101 (check_company)] - Retrying (Retry(total=2, connect=None, read=None, redirect=None, status=None)) after connection broken by 'NewConnectionError('<urllib3.connection.HTTPSConnection object at 0x754c4154dc10>: Failed to establish a new connection: [Errno 101] Network is unreachable')': /company/LCCINFOTEC/
2025-10-18 22:38:43,137 - WARNING - [Thread-88 (check_company)] - Retrying (Retry(total=2, connect=None, read=None, redirect=None, status=None)) after connection broken by 'NewConnectionError('<urllib3.connection.HTTPSConnection object at 0x754c415899d0>: Failed to establish a new connection: [Errno 101] Network is unreachable')': /company/KRYSTAL/
2025-10-18 22:38:45,185 - WARNING - [Thread-95 (check_company)] - Retrying (Retry(total=2, connect=None, read=None, redirect=None, status=None)) after connection broken by 'NewConnectionError('<urllib3.connection.HTTPSConnection object at 0x754c415894f0>: Failed to establish a new connection: [Errno 101] Network is unreachable')': /company/LAMBODHARA/
2025-10-18 22:38:46,353 - WARNING - [Thread-75 (check_company)] - Retrying (Retry(total=1, connect=None, read=None, redirect=None, status=None)) after connection broken by 'NewConnectionError('<urllib3.connection.HTTPSConnection object at 0x754c4158b950>: Failed to establish a new connection: [Errno 101] Network is unreachable')': /company/3MINDIA/
2025-10-18 22:38:47,801 - WARNING - [Thread-58 (check_company)] - Retrying (Retry(total=2, connect=None, read=None, redirect=None, status=None)) after connection broken by 'NewConnectionError('<urllib3.connection.HTTPSConnection object at 0x754c40c99190>: Failed to establish a new connection: [Errno 101] Network is unreachable')': /company/TATAMOTORS/
2025-10-18 22:38:47,801 - WARNING - [Thread-90 (check_company)] - Retrying (Retry(total=2, connect=None, read=None, redirect=None, status=None)) after connection broken by 'NewConnectionError('<urllib3.connection.HTTPSConnection object at 0x754c4154cda0>: Failed to establish a new connection: [Errno 101] Network is unreachable')': /company/AARTIIND/
2025-10-18 22:38:47,801 - WARNING - [Thread-64 (check_company)] - Retrying (Retry(total=2, connect=None, read=None, redirect=None, status=None)) after connection broken by 'NewConnectionError('<urllib3.connection.HTTPSConnection object at 0x754c40c98950>: Failed to establish a new connection: [Errno 101] Network is unreachable')': /company/MAITHANALL/
2025-10-18 22:38:47,802 - WARNING - [Thread-81 (check_company)] - Retrying (Retry(total=2, connect=None, read=None, redirect=None, status=None)) after connection broken by 'NewConnectionError('<urllib3.connection.HTTPSConnection object at 0x754c41763770>: Failed to establish a new connection: [Errno 101] Network is unreachable')': /company/UNIDT/
2025-10-18 22:38:47,802 - WARNING - [Thread-93 (check_company)] - Retrying (Retry(total=2, connect=None, read=None, redirect=None, status=None)) after connection broken by 'NewConnectionError('<urllib3.connection.HTTPSConnection object at 0x754c4154d2b0>: Failed to establish a new connection: [Errno 101] Network is unreachable')': /company/AAVAS/
2025-10-18 22:38:47,802 - WARNING - [Thread-55 (check_company)] - Retrying (Retry(total=2, connect=None, read=None, redirect=None, status=None)) after connection broken by 'NewConnectionError('<urllib3.connection.HTTPSConnection object at 0x754c40c98a10>: Failed to establish a new connection: [Errno 101] Network is unreachable')': /company/SANGHIIND/
2025-10-18 22:38:47,807 - WARNING - [Thread-77 (check_company)] - Retrying (Retry(total=2, connect=None, read=None, redirect=None, status=None)) after connection broken by 'NewConnectionError('<urllib3.connection.HTTPSConnection object at 0x754c40c78c50>: Failed to establish a new connection: [Errno 101] Network is unreachable')': /company/5PAISA/
2025-10-18 22:38:47,809 - WARNING - [Thread-57 (check_company)] - Retrying (Retry(total=2, connect=None, read=None, redirect=None, status=None)) after connection broken by 'NewConnectionError('<urllib3.connection.HTTPSConnection object at 0x754c415d43b0>: Failed to establish a new connection: [Errno 101] Network is unreachable')': /company/KKCL/
2025-10-18 22:38:47,811 - WARNING - [Thread-52 (check_company)] - Retrying (Retry(total=2, connect=None, read=None, redirect=None, status=None)) after connection broken by 'NewConnectionError('<urllib3.connection.HTTPSConnection object at 0x754c4154db80>: Failed to establish a new connection: [Errno 101] Network is unreachable')': /company/SHREECEM/
2025-10-18 22:38:47,812 - WARNING - [Thread-82 (check_company)] - Retrying (Retry(total=2, connect=None, read=None, redirect=None, status=None)) after connection broken by 'NewConnectionError('<urllib3.connection.HTTPSConnection object at 0x754c4154d7f0>: Failed to establish a new connection: [Errno 101] Network is unreachable')': /company/AADHARHFC/
2025-10-18 22:38:47,812 - WARNING - [Thread-56 (check_company)] - Retrying (Retry(total=2, connect=None, read=None, redirect=None, status=None)) after connection broken by 'NewConnectionError('<urllib3.connection.HTTPSConnection object at 0x754c415d74d0>: Failed to establish a new connection: [Errno 101] Network is unreachable')': /company/KIRLOSBROS/
2025-10-18 22:38:47,813 - WARNING - [Thread-68 (check_company)] - Retrying (Retry(total=2, connect=None, read=None, redirect=None, status=None)) after connection broken by 'NewConnectionError('<urllib3.connection.HTTPSConnection object at 0x754c40c4cd70>: Failed to establish a new connection: [Errno 101] Network is unreachable')': /company/ABREL/
2025-10-18 22:38:47,816 - WARNING - [Thread-70 (check_company)] - Retrying (Retry(total=2, connect=None, read=None, redirect=None, status=None)) after connection broken by 'NewConnectionError('<urllib3.connection.HTTPSConnection object at 0x754c4154d6a0>: Failed to establish a new connection: [Errno 101] Network is unreachable')': /company/HINDOILEXP/
2025-10-18 22:38:47,816 - WARNING - [Thread-74 (check_company)] - Retrying (Retry(total=2, connect=None, read=None, redirect=None, status=None)) after connection broken by 'NewConnectionError('<urllib3.connection.HTTPSConnection object at 0x754c40c4da30>: Failed to establish a new connection: [Errno 101] Network is unreachable')': /company/3IINFOLTD/
2025-10-18 22:38:47,817 - WARNING - [Thread-59 (check_company)] - Retrying (Retry(total=2, connect=None, read=None, redirect=None, status=None)) after connection broken by 'NewConnectionError('<urllib3.connection.HTTPSConnection object at 0x754c4154e840>: Failed to establish a new connection: [Errno 101] Network is unreachable')': /company/TORNTPHARM/
2025-10-18 22:38:47,818 - WARNING - [Thread-79 (check_company)] - Retrying (Retry(total=2, connect=None, read=None, redirect=None, status=None)) after connection broken by 'NewConnectionError('<urllib3.connection.HTTPSConnection object at 0x754c4154e120>: Failed to establish a new connection: [Errno 101] Network is unreachable')': /company/KRONOX/
2025-10-18 22:38:47,819 - WARNING - [Thread-65 (check_company)] - Retrying (Retry(total=2, connect=None, read=None, redirect=None, status=None)) after connection broken by 'NewConnectionError('<urllib3.connection.HTTPSConnection object at 0x754c4154e510>: Failed to establish a new connection: [Errno 101] Network is unreachable')': /company/21STCENMGM/
2025-10-18 22:38:47,820 - WARNING - [Thread-60 (check_company)] - Retrying (Retry(total=2, connect=None, read=None, redirect=None, status=None)) after connection broken by 'NewConnectionError('<urllib3.connection.HTTPSConnection object at 0x754c4154f860>: Failed to establish a new connection: [Errno 101] Network is unreachable')': /company/UBL/
2025-10-18 22:38:47,821 - WARNING - [Thread-94 (check_company)] - Retrying (Retry(total=2, connect=None, read=None, redirect=None, status=None)) after connection broken by 'NewConnectionError('<urllib3.connection.HTTPSConnection object at 0x754c40c4d790>: Failed to establish a new connection: [Errno 101] Network is unreachable')': /company/KSOLVES/
2025-10-18 22:38:47,822 - WARNING - [Thread-92 (check_company)] - Retrying (Retry(total=2, connect=None, read=None, redirect=None, status=None)) after connection broken by 'NewConnectionError('<urllib3.connection.HTTPSConnection object at 0x754c415894c0>: Failed to establish a new connection: [Errno 101] Network is unreachable')': /company/AARVI/
2025-10-18 22:38:47,822 - WARNING - [Thread-69 (check_company)] - Retrying (Retry(total=2, connect=None, read=None, redirect=None, status=None)) after connection broken by 'NewConnectionError('<urllib3.connection.HTTPSConnection object at 0x754c4154f0b0>: Failed to establish a new connection: [Errno 101] Network is unreachable')': /company/CENTENKA/
2025-10-18 22:38:47,822 - WARNING - [Thread-97 (check_company)] - Retrying (Retry(total=2, connect=None, read=None, redirect=None, status=None)) after connection broken by 'NewConnectionError('<urllib3.connection.HTTPSConnection object at 0x754c415883b0>: Failed to establish a new connection: [Errno 101] Network is unreachable')': /company/ABCOTS/
2025-10-18 22:38:47,822 - WARNING - [Thread-72 (check_company)] - Retrying (Retry(total=2, connect=None, read=None, redirect=None, status=None)) after connection broken by 'NewConnectionError('<urllib3.connection.HTTPSConnection object at 0x754c40c7b0e0>: Failed to establish a new connection: [Errno 101] Network is unreachable')': /company/KRITI/
2025-10-18 22:38:47,822 - WARNING - [Thread-78 (check_company)] - Retrying (Retry(total=2, connect=None, read=None, redirect=None, status=None)) after connection broken by 'NewConnectionError('<urllib3.connection.HTTPSConnection object at 0x754c4154e6c0>: Failed to establish a new connection: [Errno 101] Network is unreachable')': /company/ABINFRA/
2025-10-18 22:38:47,823 - WARNING - [Thread-66 (check_company)] - Retrying (Retry(total=2, connect=None, read=None, redirect=None, status=None)) after connection broken by 'NewConnectionError('<urllib3.connection.HTTPSConnection object at 0x754c4154fbf0>: Failed to establish a new connection: [Errno 101] Network is unreachable')': /company/ABAN/
2025-10-18 22:38:47,824 - WARNING - [Thread-53 (check_company)] - Retrying (Retry(total=2, connect=None, read=None, redirect=None, status=None)) after connection broken by 'NewConnectionError('<urllib3.connection.HTTPSConnection object at 0x754c40c98410>: Failed to establish a new connection: [Errno 101] Network is unreachable')': /company/SUPRAJIT/
2025-10-18 22:38:47,825 - WARNING - [Thread-96 (check_company)] - Retrying (Retry(total=2, connect=None, read=None, redirect=None, status=None)) after connection broken by 'NewConnectionError('<urllib3.connection.HTTPSConnection object at 0x754c40c7b980>: Failed to establish a new connection: [Errno 101] Network is unreachable')': /company/ABBOTINDIA/
2025-10-18 22:38:47,826 - WARNING - [Thread-54 (check_company)] - Retrying (Retry(total=2, connect=None, read=None, redirect=None, status=None)) after connection broken by 'NewConnectionError('<urllib3.connection.HTTPSConnection object at 0x754c41589340>: Failed to establish a new connection: [Errno 101] Network is unreachable')': /company/RAMCOCEM/
2025-10-18 22:38:47,826 - WARNING - [Thread-84 (check_company)] - Retrying (Retry(total=2, connect=None, read=None, redirect=None, status=None)) after connection broken by 'NewConnectionError('<urllib3.connection.HTTPSConnection object at 0x754c41589fd0>: Failed to establish a new connection: [Errno 101] Network is unreachable')': /company/AAREYDRUGS/
2025-10-18 22:38:47,826 - WARNING - [Thread-63 (check_company)] - Retrying (Retry(total=2, connect=None, read=None, redirect=None, status=None)) after connection broken by 'NewConnectionError('<urllib3.connection.HTTPSConnection object at 0x754c41589e50>: Failed to establish a new connection: [Errno 101] Network is unreachable')': /company/KOTAKBANK/
2025-10-18 22:38:47,827 - WARNING - [Thread-86 (check_company)] - Retrying (Retry(total=2, connect=None, read=None, redirect=None, status=None)) after connection broken by 'NewConnectionError('<urllib3.connection.HTTPSConnection object at 0x754c41589d60>: Failed to establish a new connection: [Errno 101] Network is unreachable')': /company/ABMINTLLTD/
2025-10-18 22:38:47,827 - WARNING - [Thread-99 (check_company)] - Retrying (Retry(total=2, connect=None, read=None, redirect=None, status=None)) after connection broken by 'NewConnectionError('<urllib3.connection.HTTPSConnection object at 0x754c4158aa80>: Failed to establish a new connection: [Errno 101] Network is unreachable')': /company/ABFRL/
2025-10-18 22:38:47,827 - WARNING - [Thread-98 (check_company)] - Retrying (Retry(total=2, connect=None, read=None, redirect=None, status=None)) after connection broken by 'NewConnectionError('<urllib3.connection.HTTPSConnection object at 0x754c41589130>: Failed to establish a new connection: [Errno 101] Network is unreachable')': /company/ABDL/
2025-10-18 22:38:47,828 - WARNING - [Thread-91 (check_company)] - Retrying (Retry(total=2, connect=None, read=None, redirect=None, status=None)) after connection broken by 'NewConnectionError('<urllib3.connection.HTTPSConnection object at 0x754c4154efc0>: Failed to establish a new connection: [Errno 101] Network is unreachable')': /company/AARTIPHARM/
2025-10-18 22:38:47,830 - WARNING - [Thread-100 (check_company)] - Retrying (Retry(total=2, connect=None, read=None, redirect=None, status=None)) after connection broken by 'NewConnectionError('<urllib3.connection.HTTPSConnection object at 0x754c4158a270>: Failed to establish a new connection: [Errno 101] Network is unreachable')': /company/LASA/
2025-10-18 22:38:47,830 - WARNING - [Thread-76 (check_company)] - Retrying (Retry(total=2, connect=None, read=None, redirect=None, status=None)) after connection broken by 'NewConnectionError('<urllib3.connection.HTTPSConnection object at 0x754c4158a780>: Failed to establish a new connection: [Errno 101] Network is unreachable')': /company/3PLAND/
2025-10-18 22:38:47,830 - WARNING - [Thread-89 (check_company)] - Retrying (Retry(total=2, connect=None, read=None, redirect=None, status=None)) after connection broken by 'NewConnectionError('<urllib3.connection.HTTPSConnection object at 0x754c4154e2a0>: Failed to establish a new connection: [Errno 101] Network is unreachable')': /company/KSHITIJPOL/
2025-10-18 22:38:47,831 - WARNING - [Thread-83 (check_company)] - Retrying (Retry(total=2, connect=None, read=None, redirect=None, status=None)) after connection broken by 'NewConnectionError('<urllib3.connection.HTTPSConnection object at 0x754c4154c560>: Failed to establish a new connection: [Errno 101] Network is unreachable')': /company/AAKASH/
2025-10-18 22:38:47,831 - WARNING - [Thread-73 (check_company)] - Retrying (Retry(total=2, connect=None, read=None, redirect=None, status=None)) after connection broken by 'NewConnectionError('<urllib3.connection.HTTPSConnection object at 0x754c41588fe0>: Failed to establish a new connection: [Errno 101] Network is unreachable')': /company/3IINFO-RE/
2025-10-18 22:38:48,401 - WARNING - [Thread-101 (check_company)] - Retrying (Retry(total=1, connect=None, read=None, redirect=None, status=None)) after connection broken by 'NewConnectionError('<urllib3.connection.HTTPSConnection object at 0x754c4158b9e0>: Failed to establish a new connection: [Errno 101] Network is unreachable')': /company/LCCINFOTEC/
2025-10-18 22:38:49,425 - WARNING - [Thread-95 (check_company)] - Retrying (Retry(total=1, connect=None, read=None, redirect=None, status=None)) after connection broken by 'NewConnectionError('<urllib3.connection.HTTPSConnection object at 0x754c4158b710>: Failed to establish a new connection: [Errno 101] Network is unreachable')': /company/LAMBODHARA/
2025-10-18 22:38:49,978 - WARNING - [Thread-67 (check_company)] - Retrying (Retry(total=1, connect=None, read=None, redirect=None, status=None)) after connection broken by 'NewConnectionError('<urllib3.connection.HTTPSConnection object at 0x754c4158ab70>: Failed to establish a new connection: [Errno 101] Network is unreachable')': /company/ABLBL/
2025-10-18 22:38:49,983 - WARNING - [Thread-71 (check_company)] - Retrying (Retry(total=1, connect=None, read=None, redirect=None, status=None)) after connection broken by 'NewConnectionError('<urllib3.connection.HTTPSConnection object at 0x754c4158b0b0>: Failed to establish a new connection: [Errno 101] Network is unreachable')': /company/KPITTECH/
2025-10-18 22:38:49,984 - WARNING - [Thread-62 (check_company)] - Retrying (Retry(total=1, connect=None, read=None, redirect=None, status=None)) after connection broken by 'NewConnectionError('<urllib3.connection.HTTPSConnection object at 0x754c4158ad20>: Failed to establish a new connection: [Errno 101] Network is unreachable')': /company/TECHM/
2025-10-18 22:38:49,984 - WARNING - [Thread-80 (check_company)] - Retrying (Retry(total=1, connect=None, read=None, redirect=None, status=None)) after connection broken by 'NewConnectionError('<urllib3.connection.HTTPSConnection object at 0x754c4158b230>: Failed to establish a new connection: [Errno 101] Network is unreachable')': /company/KROSS/
2025-10-18 22:38:49,987 - WARNING - [Thread-61 (check_company)] - Retrying (Retry(total=1, connect=None, read=None, redirect=None, status=None)) after connection broken by 'NewConnectionError('<urllib3.connection.HTTPSConnection object at 0x754c4158af60>: Failed to establish a new connection: [Errno 101] Network is unreachable')': /company/VAIBHAVGBL/
2025-10-18 22:38:51,048 - WARNING - [Thread-85 (check_company)] - Retrying (Retry(total=1, connect=None, read=None, redirect=None, status=None)) after connection broken by 'NewConnectionError('<urllib3.connection.HTTPSConnection object at 0x754c4158bd40>: Failed to establish a new connection: [Errno 101] Network is unreachable')': /company/AARON/
2025-10-18 22:38:51,553 - WARNING - [Thread-75 (check_company)] - Retrying (Retry(total=0, connect=None, read=None, redirect=None, status=None)) after connection broken by 'NewConnectionError('<urllib3.connection.HTTPSConnection object at 0x754c4158b9b0>: Failed to establish a new connection: [Errno 101] Network is unreachable')': /company/3MINDIA/
2025-10-18 22:38:52,071 - WARNING - [Thread-87 (check_company)] - Retrying (Retry(total=1, connect=None, read=None, redirect=None, status=None)) after connection broken by 'NewConnectionError('<urllib3.connection.HTTPSConnection object at 0x754c4158bfe0>: Failed to establish a new connection: [Errno 101] Network is unreachable')': /company/BORANA/
2025-10-18 22:38:52,587 - WARNING - [Thread-101 (check_company)] - Retrying (Retry(total=0, connect=None, read=None, redirect=None, status=None)) after connection broken by 'NewConnectionError('<urllib3.connection.HTTPSConnection object at 0x754c41644350>: Failed to establish a new connection: [Errno 101] Network is unreachable')': /company/LCCINFOTEC/
2025-10-18 22:38:53,073 - WARNING - [Thread-77 (check_company)] - Retrying (Retry(total=1, connect=None, read=None, redirect=None, status=None)) after connection broken by 'NewConnectionError('<urllib3.connection.HTTPSConnection object at 0x754c41574860>: Failed to establish a new connection: [Errno 101] Network is unreachable')': /company/5PAISA/
2025-10-18 22:38:53,611 - WARNING - [Thread-95 (check_company)] - Retrying (Retry(total=0, connect=None, read=None, redirect=None, status=None)) after connection broken by 'NewConnectionError('<urllib3.connection.HTTPSConnection object at 0x754c41646480>: Failed to establish a new connection: [Errno 101] Network is unreachable')': /company/LAMBODHARA/
2025-10-18 22:38:55,148 - WARNING - [Thread-88 (check_company)] - Retrying (Retry(total=1, connect=None, read=None, redirect=None, status=None)) after connection broken by 'NewConnectionError('<urllib3.connection.HTTPSConnection object at 0x754c4158b890>: Failed to establish a new connection: [Errno 101] Network is unreachable')': /company/KRYSTAL/
2025-10-18 22:38:57,169 - WARNING - [Thread-84 (check_company)] - Retrying (Retry(total=1, connect=None, read=None, redirect=None, status=None)) after connection broken by 'NewConnectionError('<urllib3.connection.HTTPSConnection object at 0x754c41577350>: Failed to establish a new connection: [Errno 101] Network is unreachable')': /company/AAREYDRUGS/
2025-10-18 22:38:59,813 - WARNING - [Thread-93 (check_company)] - Retrying (Retry(total=1, connect=None, read=None, redirect=None, status=None)) after connection broken by 'NewConnectionError('<urllib3.connection.HTTPSConnection object at 0x754c41576300>: Failed to establish a new connection: [Errno 101] Network is unreachable')': /company/AAVAS/
2025-10-18 22:38:59,813 - WARNING - [Thread-81 (check_company)] - Retrying (Retry(total=1, connect=None, read=None, redirect=None, status=None)) after connection broken by 'NewConnectionError('<urllib3.connection.HTTPSConnection object at 0x754c41574110>: Failed to establish a new connection: [Errno 101] Network is unreachable')': /company/UNIDT/
2025-10-18 22:38:59,814 - WARNING - [Thread-64 (check_company)] - Retrying (Retry(total=1, connect=None, read=None, redirect=None, status=None)) after connection broken by 'NewConnectionError('<urllib3.connection.HTTPSConnection object at 0x754c41575e80>: Failed to establish a new connection: [Errno 101] Network is unreachable')': /company/MAITHANALL/
2025-10-18 22:38:59,814 - WARNING - [Thread-90 (check_company)] - Retrying (Retry(total=1, connect=None, read=None, redirect=None, status=None)) after connection broken by 'NewConnectionError('<urllib3.connection.HTTPSConnection object at 0x754c41575a30>: Failed to establish a new connection: [Errno 101] Network is unreachable')': /company/AARTIIND/
2025-10-18 22:38:59,815 - WARNING - [Thread-55 (check_company)] - Retrying (Retry(total=1, connect=None, read=None, redirect=None, status=None)) after connection broken by 'NewConnectionError('<urllib3.connection.HTTPSConnection object at 0x754c41575250>: Failed to establish a new connection: [Errno 101] Network is unreachable')': /company/SANGHIIND/
2025-10-18 22:38:59,814 - WARNING - [Thread-58 (check_company)] - Retrying (Retry(total=1, connect=None, read=None, redirect=None, status=None)) after connection broken by 'NewConnectionError('<urllib3.connection.HTTPSConnection object at 0x754c41575130>: Failed to establish a new connection: [Errno 101] Network is unreachable')': /company/TATAMOTORS/
2025-10-18 22:38:59,820 - WARNING - [Thread-68 (check_company)] - Retrying (Retry(total=1, connect=None, read=None, redirect=None, status=None)) after connection broken by 'NewConnectionError('<urllib3.connection.HTTPSConnection object at 0x754c415740b0>: Failed to establish a new connection: [Errno 101] Network is unreachable')': /company/ABREL/
2025-10-18 22:38:59,820 - WARNING - [Thread-74 (check_company)] - Retrying (Retry(total=1, connect=None, read=None, redirect=None, status=None)) after connection broken by 'NewConnectionError('<urllib3.connection.HTTPSConnection object at 0x754c41574710>: Failed to establish a new connection: [Errno 101] Network is unreachable')': /company/3IINFOLTD/
2025-10-18 22:38:59,820 - WARNING - [Thread-52 (check_company)] - Retrying (Retry(total=1, connect=None, read=None, redirect=None, status=None)) after connection broken by 'NewConnectionError('<urllib3.connection.HTTPSConnection object at 0x754c41575670>: Failed to establish a new connection: [Errno 101] Network is unreachable')': /company/SHREECEM/
2025-10-18 22:38:59,821 - WARNING - [Thread-56 (check_company)] - Retrying (Retry(total=1, connect=None, read=None, redirect=None, status=None)) after connection broken by 'NewConnectionError('<urllib3.connection.HTTPSConnection object at 0x754c41575370>: Failed to establish a new connection: [Errno 101] Network is unreachable')': /company/KIRLOSBROS/
2025-10-18 22:38:59,821 - WARNING - [Thread-57 (check_company)] - Retrying (Retry(total=1, connect=None, read=None, redirect=None, status=None)) after connection broken by 'NewConnectionError('<urllib3.connection.HTTPSConnection object at 0x754c41575f10>: Failed to establish a new connection: [Errno 101] Network is unreachable')': /company/KKCL/
2025-10-18 22:38:59,821 - WARNING - [Thread-59 (check_company)] - Retrying (Retry(total=1, connect=None, read=None, redirect=None, status=None)) after connection broken by 'NewConnectionError('<urllib3.connection.HTTPSConnection object at 0x754c41575cd0>: Failed to establish a new connection: [Errno 101] Network is unreachable')': /company/TORNTPHARM/
2025-10-18 22:38:59,821 - WARNING - [Thread-70 (check_company)] - Retrying (Retry(total=1, connect=None, read=None, redirect=None, status=None)) after connection broken by 'NewConnectionError('<urllib3.connection.HTTPSConnection object at 0x754c415763c0>: Failed to establish a new connection: [Errno 101] Network is unreachable')': /company/HINDOILEXP/
2025-10-18 22:38:59,821 - WARNING - [Thread-82 (check_company)] - Retrying (Retry(total=1, connect=None, read=None, redirect=None, status=None)) after connection broken by 'NewConnectionError('<urllib3.connection.HTTPSConnection object at 0x754c41574aa0>: Failed to establish a new connection: [Errno 101] Network is unreachable')': /company/AADHARHFC/
2025-10-18 22:38:59,830 - WARNING - [Thread-65 (check_company)] - Retrying (Retry(total=1, connect=None, read=None, redirect=None, status=None)) after connection broken by 'NewConnectionError('<urllib3.connection.HTTPSConnection object at 0x754c41574230>: Failed to establish a new connection: [Errno 101] Network is unreachable')': /company/21STCENMGM/
2025-10-18 22:38:59,831 - WARNING - [Thread-60 (check_company)] - Retrying (Retry(total=1, connect=None, read=None, redirect=None, status=None)) after connection broken by 'NewConnectionError('<urllib3.connection.HTTPSConnection object at 0x754c41574650>: Failed to establish a new connection: [Errno 101] Network is unreachable')': /company/UBL/
2025-10-18 22:38:59,831 - WARNING - [Thread-94 (check_company)] - Retrying (Retry(total=1, connect=None, read=None, redirect=None, status=None)) after connection broken by 'NewConnectionError('<urllib3.connection.HTTPSConnection object at 0x754c41576120>: Failed to establish a new connection: [Errno 101] Network is unreachable')': /company/KSOLVES/
2025-10-18 22:38:59,831 - WARNING - [Thread-92 (check_company)] - Retrying (Retry(total=1, connect=None, read=None, redirect=None, status=None)) after connection broken by 'NewConnectionError('<urllib3.connection.HTTPSConnection object at 0x754c41574830>: Failed to establish a new connection: [Errno 101] Network is unreachable')': /company/AARVI/
2025-10-18 22:38:59,831 - WARNING - [Thread-79 (check_company)] - Retrying (Retry(total=1, connect=None, read=None, redirect=None, status=None)) after connection broken by 'NewConnectionError('<urllib3.connection.HTTPSConnection object at 0x754c415749b0>: Failed to establish a new connection: [Errno 101] Network is unreachable')': /company/KRONOX/
2025-10-18 22:38:59,835 - WARNING - [Thread-69 (check_company)] - Retrying (Retry(total=1, connect=None, read=None, redirect=None, status=None)) after connection broken by 'NewConnectionError('<urllib3.connection.HTTPSConnection object at 0x754c41574b90>: Failed to establish a new connection: [Errno 101] Network is unreachable')': /company/CENTENKA/
2025-10-18 22:38:59,840 - WARNING - [Thread-97 (check_company)] - Retrying (Retry(total=1, connect=None, read=None, redirect=None, status=None)) after connection broken by 'NewConnectionError('<urllib3.connection.HTTPSConnection object at 0x754c41576630>: Failed to establish a new connection: [Errno 101] Network is unreachable')': /company/ABCOTS/
2025-10-18 22:38:59,841 - WARNING - [Thread-73 (check_company)] - Retrying (Retry(total=1, connect=None, read=None, redirect=None, status=None)) after connection broken by 'NewConnectionError('<urllib3.connection.HTTPSConnection object at 0x754c41644140>: Failed to establish a new connection: [Errno 101] Network is unreachable')': /company/3IINFO-RE/
2025-10-18 22:38:59,841 - WARNING - [Thread-89 (check_company)] - Retrying (Retry(total=1, connect=None, read=None, redirect=None, status=None)) after connection broken by 'NewConnectionError('<urllib3.connection.HTTPSConnection object at 0x754c41577e90>: Failed to establish a new connection: [Errno 101] Network is unreachable')': /company/KSHITIJPOL/
2025-10-18 22:38:59,841 - WARNING - [Thread-53 (check_company)] - Retrying (Retry(total=1, connect=None, read=None, redirect=None, status=None)) after connection broken by 'NewConnectionError('<urllib3.connection.HTTPSConnection object at 0x754c41576f90>: Failed to establish a new connection: [Errno 101] Network is unreachable')': /company/SUPRAJIT/
2025-10-18 22:38:59,842 - WARNING - [Thread-78 (check_company)] - Retrying (Retry(total=1, connect=None, read=None, redirect=None, status=None)) after connection broken by 'NewConnectionError('<urllib3.connection.HTTPSConnection object at 0x754c41576e70>: Failed to establish a new connection: [Errno 101] Network is unreachable')': /company/ABINFRA/
2025-10-18 22:38:59,844 - WARNING - [Thread-66 (check_company)] - Retrying (Retry(total=1, connect=None, read=None, redirect=None, status=None)) after connection broken by 'NewConnectionError('<urllib3.connection.HTTPSConnection object at 0x754c41577200>: Failed to establish a new connection: [Errno 101] Network is unreachable')': /company/ABAN/
2025-10-18 22:38:59,844 - WARNING - [Thread-72 (check_company)] - Retrying (Retry(total=1, connect=None, read=None, redirect=None, status=None)) after connection broken by 'NewConnectionError('<urllib3.connection.HTTPSConnection object at 0x754c41576990>: Failed to establish a new connection: [Errno 101] Network is unreachable')': /company/KRITI/
2025-10-18 22:38:59,844 - WARNING - [Thread-99 (check_company)] - Retrying (Retry(total=1, connect=None, read=None, redirect=None, status=None)) after connection broken by 'NewConnectionError('<urllib3.connection.HTTPSConnection object at 0x754c41577920>: Failed to establish a new connection: [Errno 101] Network is unreachable')': /company/ABFRL/
2025-10-18 22:38:59,844 - WARNING - [Thread-98 (check_company)] - Retrying (Retry(total=1, connect=None, read=None, redirect=None, status=None)) after connection broken by 'NewConnectionError('<urllib3.connection.HTTPSConnection object at 0x754c41577a70>: Failed to establish a new connection: [Errno 101] Network is unreachable')': /company/ABDL/
2025-10-18 22:38:59,844 - WARNING - [Thread-100 (check_company)] - Retrying (Retry(total=1, connect=None, read=None, redirect=None, status=None)) after connection broken by 'NewConnectionError('<urllib3.connection.HTTPSConnection object at 0x754c41577b60>: Failed to establish a new connection: [Errno 101] Network is unreachable')': /company/LASA/
2025-10-18 22:38:59,844 - WARNING - [Thread-96 (check_company)] - Retrying (Retry(total=1, connect=None, read=None, redirect=None, status=None)) after connection broken by 'NewConnectionError('<urllib3.connection.HTTPSConnection object at 0x754c415770e0>: Failed to establish a new connection: [Errno 101] Network is unreachable')': /company/ABBOTINDIA/
2025-10-18 22:38:59,845 - WARNING - [Thread-54 (check_company)] - Retrying (Retry(total=1, connect=None, read=None, redirect=None, status=None)) after connection broken by 'NewConnectionError('<urllib3.connection.HTTPSConnection object at 0x754c41576b70>: Failed to establish a new connection: [Errno 101] Network is unreachable')': /company/RAMCOCEM/
2025-10-18 22:38:59,845 - WARNING - [Thread-63 (check_company)] - Retrying (Retry(total=1, connect=None, read=None, redirect=None, status=None)) after connection broken by 'NewConnectionError('<urllib3.connection.HTTPSConnection object at 0x754c415777d0>: Failed to establish a new connection: [Errno 101] Network is unreachable')': /company/KOTAKBANK/
2025-10-18 22:38:59,845 - WARNING - [Thread-86 (check_company)] - Retrying (Retry(total=1, connect=None, read=None, redirect=None, status=None)) after connection broken by 'NewConnectionError('<urllib3.connection.HTTPSConnection object at 0x754c415776e0>: Failed to establish a new connection: [Errno 101] Network is unreachable')': /company/ABMINTLLTD/
2025-10-18 22:38:59,845 - WARNING - [Thread-83 (check_company)] - Retrying (Retry(total=1, connect=None, read=None, redirect=None, status=None)) after connection broken by 'NewConnectionError('<urllib3.connection.HTTPSConnection object at 0x754c41577c50>: Failed to establish a new connection: [Errno 101] Network is unreachable')': /company/AAKASH/
2025-10-18 22:38:59,846 - WARNING - [Thread-76 (check_company)] - Retrying (Retry(total=1, connect=None, read=None, redirect=None, status=None)) after connection broken by 'NewConnectionError('<urllib3.connection.HTTPSConnection object at 0x754c41577d40>: Failed to establish a new connection: [Errno 101] Network is unreachable')': /company/3PLAND/
2025-10-18 22:38:59,847 - WARNING - [Thread-91 (check_company)] - Retrying (Retry(total=1, connect=None, read=None, redirect=None, status=None)) after connection broken by 'NewConnectionError('<urllib3.connection.HTTPSConnection object at 0x754c41577fb0>: Failed to establish a new connection: [Errno 101] Network is unreachable')': /company/AARTIPHARM/
2025-10-18 22:39:00,321 - WARNING - [Thread-77 (check_company)] - Retrying (Retry(total=0, connect=None, read=None, redirect=None, status=None)) after connection broken by 'NewConnectionError('<urllib3.connection.HTTPSConnection object at 0x754c41645370>: Failed to establish a new connection: [Errno 101] Network is unreachable')': /company/5PAISA/
2025-10-18 22:39:01,345 - WARNING - [Thread-67 (check_company)] - Retrying (Retry(total=0, connect=None, read=None, redirect=None, status=None)) after connection broken by 'NewConnectionError('<urllib3.connection.HTTPSConnection object at 0x754c41644fb0>: Failed to establish a new connection: [Errno 101] Network is unreachable')': /company/ABLBL/
2025-10-18 22:39:02,370 - WARNING - [Thread-84 (check_company)] - Retrying (Retry(total=0, connect=None, read=None, redirect=None, status=None)) after connection broken by 'NewConnectionError('<urllib3.connection.HTTPSConnection object at 0x754c41644950>: Failed to establish a new connection: [Errno 101] Network is unreachable')': /company/AAREYDRUGS/
2025-10-18 22:39:03,457 - WARNING - [Thread-87 (check_company)] - Retrying (Retry(total=0, connect=None, read=None, redirect=None, status=None)) after connection broken by 'NewConnectionError('<urllib3.connection.HTTPSConnection object at 0x754c41645700>: Failed to establish a new connection: [Errno 101] Network is unreachable')': /company/BORANA/
2025-10-18 22:39:03,991 - WARNING - [Thread-80 (check_company)] - Retrying (Retry(total=0, connect=None, read=None, redirect=None, status=None)) after connection broken by 'NewConnectionError('<urllib3.connection.HTTPSConnection object at 0x754c416453d0>: Failed to establish a new connection: [Errno 101] Network is unreachable')': /company/KROSS/
2025-10-18 22:39:03,996 - WARNING - [Thread-71 (check_company)] - Retrying (Retry(total=0, connect=None, read=None, redirect=None, status=None)) after connection broken by 'NewConnectionError('<urllib3.connection.HTTPSConnection object at 0x754c41645eb0>: Failed to establish a new connection: [Errno 101] Network is unreachable')': /company/KPITTECH/
2025-10-18 22:39:03,996 - WARNING - [Thread-62 (check_company)] - Retrying (Retry(total=0, connect=None, read=None, redirect=None, status=None)) after connection broken by 'NewConnectionError('<urllib3.connection.HTTPSConnection object at 0x754c41644d70>: Failed to establish a new connection: [Errno 101] Network is unreachable')': /company/TECHM/
2025-10-18 22:39:03,998 - WARNING - [Thread-61 (check_company)] - Retrying (Retry(total=0, connect=None, read=None, redirect=None, status=None)) after connection broken by 'NewConnectionError('<urllib3.connection.HTTPSConnection object at 0x754c41645910>: Failed to establish a new connection: [Errno 101] Network is unreachable')': /company/VAIBHAVGBL/
2025-10-18 22:39:04,004 - WARNING - [Thread-93 (check_company)] - Retrying (Retry(total=0, connect=None, read=None, redirect=None, status=None)) after connection broken by 'NewConnectionError('<urllib3.connection.HTTPSConnection object at 0x754c41646ed0>: Failed to establish a new connection: [Errno 101] Network is unreachable')': /company/AAVAS/
2025-10-18 22:39:05,057 - WARNING - [Thread-96 (check_company)] - Retrying (Retry(total=0, connect=None, read=None, redirect=None, status=None)) after connection broken by 'NewConnectionError('<urllib3.connection.HTTPSConnection object at 0x754c4158bd70>: Failed to establish a new connection: [Errno 101] Network is unreachable')': /company/ABBOTINDIA/
2025-10-18 22:39:05,060 - WARNING - [Thread-85 (check_company)] - Retrying (Retry(total=0, connect=None, read=None, redirect=None, status=None)) after connection broken by 'NewConnectionError('<urllib3.connection.HTTPSConnection object at 0x754c416445f0>: Failed to establish a new connection: [Errno 101] Network is unreachable')': /company/AARON/
